game_id,date,home_team,away_team,neutral_site,spread_home,total,proj_total,blind_margin,enhanced_margin,margin_used,sigma,home_win_prob,gap,tier,pick_side
401870766,2026-10-08T23:00:00Z,Liberty,Sam Houston,False,-13.5,52.5,52.5,11.85001159668846,13.156598308781989,13.156598308781989,15.220854092759375,0.8063103479429445,-0.3434016912180109,pass,
401871052,2026-10-08T23:00:00Z,Western Kentucky,Missouri State,False,-1.5,56.5,56.5,3.6281793291010604,2.400445456957514,2.400445456957514,15.220854092759375,0.5626564224101124,0.900445456957514,pass,
401862794,2026-10-08T23:30:00Z,UTSA,South Florida,False,-7.0,49.5,49.5,1.2599387918191363,8.106766964244569,8.106766964244569,15.220854092759375,0.7028479348318488,1.106766964244569,pass,
401869933,2026-10-08T23:30:00Z,Arkansas State,South Alabama,False,-3.0,60.5,60.5,3.2543959508609426,2.4559907416506195,2.4559907416506195,15.220854092759375,0.5640938682369486,-0.5440092583493805,pass,
401858254,2026-10-09T23:00:00Z,Louisville,Florida State,False,-3.5,59.5,59.5,5.66651472031191,4.224622147301959,4.224622147301959,15.220854092759375,0.6093229592816839,0.7246221473019592,pass,
401868265,2026-10-09T23:00:00Z,Marist,Columbia,False,-1.5,43.5,43.5,12.101481170816982,0.8726490367806856,0.8726490367806856,15.220854092759375,0.522859818977344,-0.6273509632193144,pass,
401858487,2026-10-10T01:00:00Z,Washington,Iowa,False,-3.0,41.5,41.5,0.10083027652612575,3.8414137628092915,3.8414137628092915,15.220854092759375,0.5996256765090894,0.8414137628092915,pass,
401860922,2026-10-10T01:00:00Z,Utah State,Washington State,False,-5.5,44.5,44.5,-1.3881906723809454,4.672866148892579,4.672866148892579,15.220854092759375,0.6205799126888266,-0.8271338511074209,pass,
401864519,2026-10-10T01:00:00Z,San José State,Wyoming,False,-6.0,42.5,42.5,4.048314498791295,5.287576820866864,5.287576820866864,15.220854092759375,0.6358509340545032,-0.7124231791331361,pass,
401856826,2026-10-10T02:15:00Z,BYU,Iowa State,False,-10.0,46.5,46.5,10.933098858284513,12.179532340077053,12.179532340077053,15.220854092759375,0.7881988223238339,2.1795323400770528,lean,home
401866436,2026-10-10T16:00:00Z,Bowling Green,Sacramento State,False,-7.5,43.5,43.5,5.388052816704425,8.458928620702677,8.458928620702677,15.220854092759375,0.7108077437421922,0.958928620702677,pass,
401862795,2026-10-10T16:00:00Z,Army,Tulane,False,-3.0,48.5,48.5,6.6982853905756485,5.682120479823717,5.682120479823717,15.220854092759375,0.64554170566425,2.682120479823717,lean,home
401858481,2026-10-10T16:00:00Z,Nebraska,Indiana,False,7.5,48.5,48.5,-9.467495356114815,-7.222514867337693,-7.222514867337693,15.220854092759375,0.3175665560402009,0.27748513266230734,pass,
401858260,2026-10-10T16:00:00Z,NC State,Wake Forest,False,3.5,59.5,59.5,5.555589539760899,-1.5528153357961887,-1.5528153357961887,15.220854092759375,0.4593708224724587,1.9471846642038113,pass,
401856824,2026-10-10T16:00:00Z,Oklahoma State,UCF,False,-10.5,53.5,53.5,-2.085376793804397,10.772529594970168,10.772529594970168,15.220854092759375,0.7604491294876795,0.2725295949701678,pass,
401856823,2026-10-10T16:00:00Z,West Virginia,Arizona,False,3.0,61.5,61.5,-8.236617876694929,-3.3945745004315735,-3.3945745004315735,15.220854092759375,0.4117594687364412,-0.3945745004315735,pass,
401856716,2026-10-10T16:00:00Z,Missouri,Texas A&M,False,-3.5,48.5,48.5,1.7662793354279345,3.5696811451437966,3.5696811451437966,15.220854092759375,0.5927115500836381,0.06968114514379664,pass,
401858256,2026-10-10T16:00:00Z,Pittsburgh,North Carolina,False,-4.0,47.5,47.5,13.180355034389668,3.0260506191151806,3.0260506191151806,15.220854092759375,0.5787941236379801,-0.9739493808848194,pass,
401858482,2026-10-10T16:30:00Z,Northwestern,Ball State,False,-36.5,52.5,52.5,29.234136701220713,38.07685410457348,38.07685410457348,15.220854092759375,0.9938187431498178,1.5768541045734779,pass,
401856714,2026-10-10T16:45:00Z,Florida,South Carolina,False,-11.5,60.5,60.5,5.929966265346922,11.090027519771034,11.090027519771034,15.220854092759375,0.7668790866203055,-0.4099724802289657,pass,
401869843,2026-10-10T17:00:00Z,App State,Old Dominion,False,-9.5,49.5,49.5,4.836946166546952,10.668127332379182,10.668127332379182,15.220854092759375,0.7583138167550821,1.168127332379182,pass,
401866440,2026-10-10T18:00:00Z,Massachusetts,Miami (OH),False,2.5,47.5,47.5,-7.320384683747077,-1.6595555369419626,-1.6595555369419626,15.220854092759375,0.4565886751926389,0.8404444630580374,pass,
401862796,2026-10-10T19:30:00Z,North Texas,Charlotte,False,-28.5,57.5,57.5,29.922873875878764,28.55172143853161,28.55172143853161,15.220854092759375,0.9696606264486559,0.0517214385316116,pass,
401866439,2026-10-10T19:30:00Z,Western Michigan,Kent State,False,-13.5,43.5,43.5,19.901069298598898,14.0718286095314,14.0718286095314,15.220854092759375,0.8223895214513872,0.5718286095313996,pass,
401866438,2026-10-10T19:30:00Z,Ohio,Central Michigan,False,-3.0,46.5,46.5,10.758737086558801,2.879234230974869,2.879234230974869,15.220854092759375,0.5750177711059465,-0.12076576902513114,pass,
401866437,2026-10-10T19:30:00Z,Toledo,Buffalo,False,-21.0,54.5,54.5,20.949648826604005,23.206445892710487,23.206445892710487,15.220854092759375,0.9363265502488752,2.2064458927104873,lean,home
401866435,2026-10-10T19:30:00Z,Akron,Eastern Michigan,False,7.0,51.5,51.5,-1.9702884168711268,-6.42935222951899,-6.42935222951899,15.220854092759375,0.33636501758823895,0.5706477704810098,pass,
401862799,2026-10-10T19:30:00Z,Navy,Tulsa,False,-2.5,48.5,48.5,8.528067238487138,1.5484604418787515,1.5484604418787515,15.220854092759375,0.5405156254938004,-0.9515395581212485,pass,
401858484,2026-10-10T19:30:00Z,Oregon,UCLA,False,-11.5,58.5,58.5,19.53430948575023,14.132620662786247,14.132620662786247,15.220854092759375,0.8234268477837619,2.6326206627862465,lean,home
401858480,2026-10-10T19:30:00Z,Michigan State,Illinois,False,2.5,47.5,47.5,-4.44690360308661,-2.683624509167268,-2.683624509167268,15.220854092759375,0.43002428122116276,-0.1836245091672679,pass,
401858259,2026-10-10T19:30:00Z,California,Virginia Tech,False,10.0,53.5,53.5,-2.892302503321622,-9.263763995005618,-9.263763995005618,15.220854092759375,0.27138713180335317,0.7362360049943817,pass,
401858257,2026-10-10T19:30:00Z,Notre Dame,Stanford,False,-38.5,54.5,54.5,39.71505084825432,39.153426807910655,39.153426807910655,15.220854092759375,0.9949495243305316,0.6534268079106553,pass,
401858255,2026-10-10T19:30:00Z,Georgia Tech,Duke,False,6.5,43.5,43.5,-5.5244190960517265,-6.047052468522224,-6.047052468522224,15.220854092759375,0.3455777950566127,0.45294753147777644,pass,
401856825,2026-10-10T19:30:00Z,Kansas State,Houston,False,-2.5,55.5,55.5,5.172514494787433,3.6963692981492233,3.6963692981492233,15.220854092759375,0.5959388150927726,1.1963692981492233,pass,
401856718,2026-10-10T19:30:00Z,Vanderbilt,Ole Miss,False,9.5,56.5,56.5,-3.136387033355802,-8.898077574896936,-8.898077574896936,15.220854092759375,0.279409099003463,0.6019224251030639,pass,
401856717,2026-10-10T19:30:00Z,Oklahoma,Texas,True,7.5,39.5,39.5,-10.125427737767648,-7.012085896152605,-7.012085896152605,15.220854092759375,0.32251073626598337,0.48791410384739464,pass,
401861964,2026-10-10T19:45:00Z,Temple,UConn,False,-3.5,54.5,54.5,-0.8740671712973512,4.9901250427362465,4.9901250427362465,15.220854092759375,0.6284866657545317,1.4901250427362465,pass,
401862797,2026-10-10T20:00:00Z,East Carolina,Rice,False,-10.0,47.5,47.5,15.246981152113982,8.82046959844659,8.82046959844659,15.220854092759375,0.7188737365866148,-1.1795304015534107,pass,
401868329,2026-10-10T20:00:00Z,Alabama State,Florida A&M,False,-14.5,53.5,53.5,23.446189805764455,14.012984585760112,14.012984585760112,15.220854092759375,0.8213817804181147,-0.48701541423988814,pass,
401856713,2026-10-10T20:15:00Z,Arkansas,Tennessee,False,13.5,51.5,51.5,-12.854510031239387,-13.956828819591202,-13.956828819591202,15.220854092759375,0.17958327322219098,-0.4568288195912018,pass,
401858483,2026-10-10T20:15:00Z,Ohio State,Maryland,False,-34.5,56.5,56.5,30.009742692189658,33.705689797799835,33.705689797799835,15.220854092759375,0.9866007859772998,-0.7943102022001653,pass,
401860902,2026-10-10T22:00:00Z,Oregon State,San Diego State,False,-15.5,53.5,53.5,5.486161191675704,14.777194789948641,14.777194789948641,15.220854092759375,0.834188977921283,-0.7228052100513587,pass,
401869943,2026-10-10T23:00:00Z,Marshall,Coastal Carolina,False,-3.5,58.5,58.5,8.648615064179136,5.530099761510339,5.530099761510339,15.220854092759375,0.6418185215178573,2.030099761510339,lean,home
401864518,2026-10-10T23:00:00Z,UNLV,North Dakota State,False,3.0,47.5,47.5,-6.668450873078117,-2.4623785567352208,-2.4623785567352208,15.220854092759375,0.435740876613751,0.5376214432647792,pass,
401862798,2026-10-10T23:00:00Z,Memphis,UAB,False,-14.0,52.5,52.5,16.146536060078457,13.525967049704093,13.525967049704093,15.220854092759375,0.8129036011175101,-0.4740329502959071,pass,
401856715,2026-10-10T23:00:00Z,Kentucky,LSU,False,8.5,51.5,51.5,-8.785015072256401,-9.233295562075627,-9.233295562075627,15.220854092759375,0.2720511031054601,-0.733295562075627,pass,
401864517,2026-10-10T23:00:00Z,UTEP,Nevada,False,9.5,49.5,49.5,-8.105425810242238,-9.374513888125247,-9.374513888125247,15.220854092759375,0.2689804808053831,0.12548611187475345,pass,
401856712,2026-10-10T23:30:00Z,Alabama,Georgia,False,-1.5,51.5,51.5,-0.8478107006163068,4.927798037284516,4.927798037284516,15.220854092759375,0.6269375005541802,3.427798037284516,strong,home
401858258,2026-10-10T23:30:00Z,Virginia,Syracuse,False,-9.5,50.5,50.5,10.97498882145378,8.9157892466819,8.9157892466819,15.220854092759375,0.720982076571672,-0.5842107533181,pass,
401858485,2026-10-10T23:30:00Z,Penn State,USC,False,-1.5,54.5,54.5,3.776298098029477,3.097935618829549,3.097935618829549,15.220854092759375,0.5806405034349601,1.597935618829549,pass,
401864516,2026-10-10T23:30:00Z,Northern Illinois,Air Force,False,7.5,46.5,46.5,-5.539517561887359,-6.925692505150784,-6.925692505150784,15.220854092759375,0.3245498008608275,0.574307494849216,pass,
401869949,2026-10-10T23:30:00Z,Georgia Southern,James Madison,False,7.5,51.5,51.5,-18.0498877841091,-8.418391908567662,-8.418391908567662,15.220854092759375,0.2901033724764597,-0.9183919085676617,pass,
401869965,2026-10-10T23:30:00Z,Louisiana Tech,Louisiana,False,-3.0,47.5,47.5,1.7876957440207932,2.253170980472783,2.253170980472783,15.220854092759375,0.5588411783304948,-0.7468290195272171,pass,
401858486,2026-10-11T00:00:00Z,Purdue,Minnesota,False,2.5,50.5,50.5,-9.073601457583514,-5.93967902177322,-5.93967902177322,15.220854092759375,0.34818214378407686,-3.4396790217732196,strong,away
401856808,2026-10-11T01:30:00Z,Arizona State,Hawai'i,False,-20.5,50.5,50.5,12.322391952932362,21.817653277773672,21.817653277773672,15.220854092759375,0.9241289809641023,1.3176532777736725,pass,
401856827,2026-10-11T02:15:00Z,Utah,Kansas,False,-15.5,51.5,51.5,16.41081811771028,15.818498913408613,15.818498913408613,15.220854092759375,0.8506592153325245,0.3184989134086127,pass,
401860901,2026-10-11T02:30:00Z,Fresno State,Boise State,False,6.5,48.5,48.5,-2.401703543794176,-5.937176830948088,-5.937176830948088,15.220854092759375,0.34824292058451767,0.5628231690519119,pass,
401871067,2026-10-13T23:00:00Z,Middle Tennessee,Delaware,False,,,52.9292835033222,-3.796873549169857,,-3.796873549169857,17.67169543789415,0.4149397124863596,,noline,
401871053,2026-10-14T00:00:00Z,Jacksonville State,Florida International,False,,,47.50500648244328,8.850670940198512,,8.850670940198512,17.67169543789415,0.6917577157620652,,noline,
401871054,2026-10-14T23:30:00Z,Missouri State,Kennesaw State,False,,,53.4521742630548,4.371959970492761,,4.371959970492761,17.67169543789415,0.597700280167525,,noline,
401871068,2026-10-15T00:00:00Z,Sam Houston,Western Kentucky,False,,,54.24144065521308,-1.1374677791843275,,-1.1374677791843275,17.67169543789415,0.4743391434533998,,noline,
401862800,2026-10-15T23:30:00Z,UAB,East Carolina,False,,,52.96820447102222,-6.576944630945296,,-6.576944630945296,17.67169543789415,0.3548816713925296,,noline,
401869950,2026-10-15T23:30:00Z,Old Dominion,Georgia Southern,False,,,51.847707543298014,4.813877322023988,,4.813877322023988,17.67169543789415,0.6073451017637799,,noline,
401860923,2026-10-16T00:00:00Z,Texas State,Colorado State,False,,,67.72212326356626,16.729494548197327,,16.729494548197327,17.67169543789415,0.8280998451170225,,noline,
401862801,2026-10-16T23:30:00Z,Tulane,Memphis,False,,,51.94416085251008,-0.3457944499471299,,-0.3457944499471299,17.67169543789415,0.49219411494042287,,noline,
401858493,2026-10-17T00:00:00Z,Purdue,Washington,False,,,53.57270505889923,-15.151809627193,,-15.151809627193,17.67169543789415,0.19561039841637684,,noline,
401869844,2026-10-17T00:00:00Z,Coastal Carolina,App State,False,,,54.90584361828141,-3.7925298486406223,,-3.7925298486406223,17.67169543789415,0.41503553751931055,,noline,
401858492,2026-10-17T04:00:00Z,Oregon,Nebraska,False,-12.5,58.5,58.5,14.02324371836943,15.146546213286172,15.146546213286172,15.220854092759375,0.8401605667220196,2.6465462132861717,lean,home
401858490,2026-10-17T04:00:00Z,Michigan,Penn State,False,-5.5,43.5,43.5,0.9031883613975571,6.911567942920741,6.911567942920741,15.220854092759375,0.6751163270504926,1.4115679429207413,pass,
401858494,2026-10-17T04:00:00Z,UCLA,Wisconsin,False,-3.0,49.5,49.5,3.4451359749455985,3.9309677205559197,3.9309677205559197,15.220854092759375,0.6018976317156023,0.9309677205559197,pass,
401856833,2026-10-17T04:00:00Z,Colorado,Utah,False,,,51.667065483906065,-20.859604034929827,,-20.859604034929827,17.67169543789415,0.1189213150176584,,noline,
401858269,2026-10-17T04:00:00Z,California,Wake Forest,False,,,55.22672494013213,-5.98910712610902,,-5.98910712610902,17.67169543789415,0.3673389183818302,,noline,
401856720,2026-10-17T16:00:00Z,LSU,Mississippi State,False,-12.5,59.5,59.5,13.274700669085606,13.387990672980642,13.387990672980642,15.220854092759375,0.8104571279760071,0.8879906729806422,pass,
401856724,2026-10-17T16:00:00Z,Texas,Florida,False,-9.5,53.5,53.5,9.484538000411316,11.394971011283173,11.394971011283173,15.220854092759375,0.7729635019510872,1.8949710112831735,pass,
401856829,2026-10-17T16:00:00Z,West Virginia,Cincinnati,False,,,59.72246179185172,-0.6588978988043098,,-0.6588978988043098,17.67169543789415,0.48512868567761036,,noline,
401856830,2026-10-17T16:00:00Z,Kansas State,Kansas,False,-9.5,55.5,55.5,10.412214565199752,10.024659713010514,10.024659713010514,15.220854092759375,0.7449279984121326,0.5246597130105144,pass,
401858267,2026-10-17T16:00:00Z,Boston College,Pittsburgh,False,,,51.496292092385765,-11.79976820600285,,-11.79976820600285,17.67169543789415,0.2521557418636616,,noline,
401858268,2026-10-17T16:00:00Z,SMU,Virginia,False,,,51.150729033867776,9.145445013590203,,9.145445013590203,17.67169543789415,0.6976031809522967,,noline,
401858488,2026-10-17T16:00:00Z,Indiana,Ohio State,False,2.5,48.5,48.5,3.868132192817285,-1.0557013689156203,-1.0557013689156203,15.220854092759375,0.47235198015005014,1.4442986310843797,pass,
401858491,2026-10-17T16:00:00Z,Michigan State,Northwestern,False,,,46.10674544583427,-7.069230370370909,,-7.069230370370909,17.67169543789415,0.3445667509630982,,noline,
401862802,2026-10-17T16:00:00Z,Army,Florida Atlantic,False,,,54.833800404787034,8.783696611394234,,8.783696611394234,17.67169543789415,0.6904227125524477,,noline,
401866441,2026-10-17T16:00:00Z,Bowling Green,Ball State,False,,,47.95274364035021,8.019663763413003,,8.019663763413003,17.67169543789415,0.675018666647715,,noline,
401869957,2026-10-17T16:00:00Z,James Madison,Georgia State,False,,,59.15797751952591,23.624932949855292,,23.624932949855292,17.67169543789415,0.9093690649234326,,noline,
401858489,2026-10-17T16:30:00Z,Maryland,Rutgers,False,,,60.307115963682875,1.28269368090222,,1.28269368090222,17.67169543789415,0.528931675670841,,noline,
401862803,2026-10-17T17:00:00Z,Temple,Charlotte,False,,,53.309387885355335,19.257628091430448,,19.257628091430448,17.67169543789415,0.8620870859990415,,noline,
401866442,2026-10-17T17:00:00Z,Buffalo,Massachusetts,False,,,52.78878675800586,7.34090400484156,,7.34090400484156,17.67169543789415,0.6610771390108194,,noline,
401866443,2026-10-17T17:30:00Z,Central Michigan,Western Michigan,False,,,43.70405723062911,-6.96220296506368,,-6.96220296506368,17.67169543789415,0.34679981616102085,,noline,
401856719,2026-10-17T19:30:00Z,Georgia,Auburn,False,-18.5,49.5,49.5,21.216879556556567,19.1459931847893,19.1459931847893,15.220854092759375,0.8957822457344817,0.645993184789301,pass,
401856721,2026-10-17T19:30:00Z,Ole Miss,Missouri,False,-6.0,57.5,57.5,5.26728301664164,7.842478738724601,7.842478738724601,15.220854092759375,0.6968093107524826,1.8424787387246013,pass,
401856723,2026-10-17T19:30:00Z,Tennessee,Alabama,False,4.5,56.5,56.5,-1.8408565869865527,-4.210623903772963,-4.210623903772963,15.220854092759375,0.39103011952398437,0.28937609622703686,pass,
401856828,2026-10-17T19:30:00Z,Texas Tech,Arizona State,False,,,54.471400534299306,18.469740947445928,,18.469740947445928,17.67169543789415,0.8520253784870917,,noline,
401858264,2026-10-17T19:30:00Z,Virginia Tech,Georgia Tech,False,,,55.97928613588263,7.576975939943853,,7.576975939943853,17.67169543789415,0.6659522859191204,,noline,
401858266,2026-10-17T19:30:00Z,Duke,North Carolina,False,-4.5,47.5,47.5,10.760326779129567,3.701793596831988,3.701793596831988,15.220854092759375,0.5960768501624766,-0.7982064031680118,pass,
401864522,2026-10-17T19:30:00Z,Wyoming,Northern Illinois,False,,,39.48338907761443,6.4279398033872,,6.4279398033872,17.67169543789415,0.6419747028819411,,noline,
401864524,2026-10-17T19:30:00Z,Air Force,UNLV,False,,,53.07752868841774,1.6531635961728917,,1.6531635961728917,17.67169543789415,0.5372661567467658,,noline,
401866444,2026-10-17T19:30:00Z,Eastern Michigan,Toledo,False,,,54.37365004489732,-10.445059999082236,,-10.445059999082236,17.67169543789415,0.2772395849274826,,noline,
401866478,2026-10-17T19:30:00Z,Miami (OH),Akron,False,,,51.624518073914025,11.696965172672865,,11.696965172672865,17.67169543789415,0.7459836128095461,,noline,
401862805,2026-10-17T20:30:00Z,Rice,Tulsa,False,,,48.81036164311463,-1.0433738886399653,,-1.0433738886399653,17.67169543789415,0.47645929053184966,,noline,
401869966,2026-10-17T21:00:00Z,Louisiana,Troy,False,,,49.65717580966538,5.26608676056447,,5.26608676056447,17.67169543789415,0.6171467234322863,,noline,
401860903,2026-10-17T22:00:00Z,Oregon State,Washington State,False,,,48.345833866480426,5.393985832192633,,5.393985832192633,17.67169543789415,0.6199056760014109,,noline,
401869934,2026-10-17T23:00:00Z,Southern Miss,Arkansas State,False,,,55.57184563054381,-1.3586704749477085,,-1.3586704749477085,17.67169543789415,0.4693579165451998,,noline,
401864520,2026-10-17T23:00:00Z,North Dakota State,Nevada,False,,,48.569573654473025,25.032016027772375,,25.032016027772375,17.67169543789415,0.921685909968828,,noline,
401862806,2026-10-17T23:00:00Z,South Florida,Kent State,False,,,52.362585980899496,27.8682992013594,,27.8682992013594,17.67169543789415,0.9426024685501094,,noline,
401856832,2026-10-17T23:00:00Z,Baylor,TCU,False,,,51.984919836537884,5.26608676056447,,5.26608676056447,17.67169543789415,0.6171467234322863,,noline,
401856726,2026-10-17T23:00:00Z,Vanderbilt,Arkansas,False,,,56.19177603122734,12.985919632031573,,12.985919632031573,17.67169543789415,0.7687824066182658,,noline,
401858263,2026-10-17T23:00:00Z,Miami,Florida State,False,-19.5,55.5,55.5,18.36900423444679,20.009375762252088,20.009375762252088,15.220854092759375,0.9056782675077224,0.5093757622520876,pass,
401856722,2026-10-17T23:30:00Z,Oklahoma,Kentucky,False,-6.5,41.5,41.5,7.377941763678156,7.887057996117931,7.887057996117931,15.220854092759375,0.6978317270720871,1.3870579961179308,pass,
401856809,2026-10-17T23:30:00Z,BYU,Notre Dame,False,12.5,48.5,48.5,-6.4330510739088504,-11.085286760901528,-11.085286760901528,15.220854092759375,0.23321621306933904,1.4147132390984716,pass,
401856831,2026-10-17T23:30:00Z,Houston,Oklahoma State,False,-3.5,57.5,57.5,14.674040248129373,4.750368861466816,4.750368861466816,15.220854092759375,0.6225162463409932,1.250368861466816,pass,
401858265,2026-10-17T23:30:00Z,Syracuse,Louisville,False,,,58.63515070797347,-8.37838326922311,,-8.37838326922311,17.67169543789415,0.3177096092896715,,noline,
401862804,2026-10-18T00:00:00Z,UTSA,Navy,False,,,55.45043945636586,19.63228950767307,,19.63228950767307,17.67169543789415,0.8667040831764068,,noline,
401871091,2026-10-18T00:00:00Z,UL Monroe,Louisiana Tech,False,,,56.792682682284145,-17.149399575996775,,-17.149399575996775,17.67169543789415,0.1659124892047123,,noline,
401864523,2026-10-18T01:00:00Z,UTEP,San José State,False,,,55.25778138194543,-6.449485964594306,,-6.449485964594306,17.67169543789415,0.35757012572617397,,noline,
401866445,2026-10-18T02:00:00Z,Sacramento State,Ohio,False,,,51.792591520977524,-3.8163139811054445,,-3.8163139811054445,17.67169543789415,0.4145109052198131,,noline,
401860904,2026-10-18T02:30:00Z,San Diego State,Fresno State,False,,,44.00477584491858,-2.373971620893747,,-2.373971620893747,17.67169543789415,0.4465678453749733,,noline,
401864521,2026-10-18T02:30:00Z,Hawai'i,New Mexico,False,,,50.732832852180266,-10.674480666402525,,-10.674480666402525,17.67169543789415,0.2729072122052694,,noline,
