season,team,talent,ret_ppa,prev_sp,prev_sp_off,prev_sp_def
2014,Air Force,,0.608,-16.9,26.6,45.2
2014,Akron,,0.819,-15.3,17.9,30.9
2014,Alabama,,0.574,34.1,45.6,12.3
2014,Arizona,,0.34,14.6,37.2,21.1
2014,Arizona State,,0.669,17.5,40.0,22.0
2014,Arkansas,,0.667,1.5,30.0,30.6
2014,Arkansas State,,0.283,-16.2,20.8,37.9
2014,Army,,0.952,-24.6,20.8,44.5
2014,Auburn,,0.807,25.2,46.8,23.4
2014,BYU,,0.552,10.0,28.3,18.9
2014,Ball State,,-0.047,7.5,38.3,31.3
2014,Baylor,,0.822,20.4,41.0,21.0
2014,Boise State,,0.56,11.3,35.0,25.6
2014,Boston College,,0.199,7.1,32.0,27.0
2014,Bowling Green,,0.452,9.8,33.8,24.6
2014,Buffalo,,0.54,-9.0,22.3,30.4
2014,California,,0.82,-8.7,27.7,37.1
2014,Central Michigan,,0.955,-18.8,19.7,37.6
2014,Cincinnati,,0.402,7.8,31.9,21.6
2014,Clemson,,0.288,24.5,42.4,19.6
2014,Colorado,,0.624,-0.7,28.0,28.3
2014,Colorado State,,0.667,3.0,31.8,29.5
2014,Duke,,0.782,5.0,32.0,27.2
2014,East Carolina,,0.827,7.5,33.3,23.8
2014,Eastern Michigan,,0.737,-35.7,17.8,50.4
2014,Florida,,0.436,9.0,25.8,15.9
2014,Florida Atlantic,,0.739,-6.6,18.9,25.0
2014,Florida International,,1.076,-38.9,6.4,43.4
2014,Florida State,,0.617,38.5,47.7,11.5
2014,Fresno State,,0.295,8.8,36.1,26.7
2014,Georgia,,0.513,25.1,44.9,21.8
2014,Georgia State,,0.604,-32.6,13.3,44.4
2014,Georgia Tech,,0.441,11.4,35.3,24.9
2014,Hawai'i,,0.309,-14.3,23.4,35.6
2014,Houston,,0.84,4.9,29.4,25.4
2014,Idaho,,0.742,-35.6,13.6,48.4
2014,Illinois,,0.262,-4.0,34.2,36.8
2014,Indiana,,0.446,1.4,37.1,35.9
2014,Iowa,,0.825,17.3,29.6,12.4
2014,Iowa State,,0.792,-3.8,25.7,29.7
2014,Kansas,,0.77,-9.7,16.0,25.3
2014,Kansas State,,0.743,21.7,40.4,20.0
2014,Kent State,,0.746,-13.8,21.2,34.0
2014,Kentucky,,0.537,-2.5,27.6,31.2
2014,LSU,,0.118,28.7,45.2,18.7
2014,Louisiana,,0.843,-12.5,26.2,38.2
2014,Louisiana Tech,,0.542,-16.8,14.2,31.3
2014,Louisville,,0.378,24.2,39.1,15.2
2014,Marshall,,0.788,8.3,33.4,25.5
2014,Maryland,,0.879,10.8,29.6,19.8
2014,Massachusetts,,0.664,-36.1,6.4,40.7
2014,Memphis,,1.01,-3.2,18.0,24.3
2014,Miami,,0.408,16.9,39.8,24.0
2014,Miami (OH),,0.811,-29.0,10.2,38.8
2014,Michigan,,0.658,11.1,31.2,20.2
2014,Michigan State,,1.016,19.7,28.9,11.6
2014,Middle Tennessee,,0.476,-11.8,23.3,34.2
2014,Minnesota,,0.624,2.5,25.6,25.0
2014,Mississippi State,,0.91,10.7,34.6,22.2
2014,Missouri,,0.312,19.3,42.6,23.1
2014,NC State,,0.24,-0.5,25.0,26.5
2014,Navy,,0.685,-0.3,33.4,33.5
2014,Nebraska,,0.556,11.6,32.3,22.8
2014,Nevada,,0.642,-16.8,25.7,42.6
2014,New Mexico,,0.826,-14.9,30.9,45.9
2014,New Mexico State,,0.479,-35.1,17.7,52.4
2014,North Carolina,,0.492,13.7,34.2,21.4
2014,North Texas,,0.168,1.0,25.1,23.1
2014,Northern Illinois,,0.594,6.3,36.6,29.8
2014,Northwestern,,0.742,4.2,29.4,25.9
2014,Notre Dame,,0.457,13.2,35.2,21.9
2014,Ohio,,0.244,-11.4,22.5,33.5
2014,Ohio State,,0.62,28.4,48.8,23.4
2014,Oklahoma,,0.585,19.6,36.2,18.3
2014,Oklahoma State,,0.431,21.8,36.8,14.0
2014,Ole Miss,,0.625,12.4,36.6,23.2
2014,Oregon,,0.707,28.7,46.8,18.1
2014,Oregon State,,0.654,11.9,38.0,26.6
2014,Penn State,,0.539,8.9,31.6,21.6
2014,Pittsburgh,,0.494,9.4,32.9,22.3
2014,Purdue,,0.862,-15.7,19.2,33.4
2014,Rice,,0.432,-1.5,24.0,26.1
2014,Rutgers,,0.566,-8.1,24.0,31.6
2014,SMU,,0.241,-15.2,21.8,36.2
2014,San Diego State,,0.657,-4.8,26.9,29.9
2014,San José State,,0.359,-5.1,33.0,38.6
2014,South Alabama,,0.565,-10.2,25.2,34.3
2014,South Carolina,,0.533,19.8,40.7,20.6
2014,South Florida,,0.916,-15.5,10.8,27.2
2014,Southern Miss,,0.579,-24.5,13.6,36.5
2014,Stanford,,0.889,21.7,35.8,15.5
2014,Syracuse,,0.886,0.0,25.9,23.2
2014,TCU,,0.565,12.4,24.9,15.0
2014,Temple,,0.642,-10.7,27.6,37.0
2014,Tennessee,,0.799,5.1,29.2,26.1
2014,Texas,,0.538,10.5,29.4,20.1
2014,Texas A&M,,0.227,20.4,50.5,31.3
2014,Texas State,,0.649,-13.7,17.1,31.4
2014,Texas Tech,,0.46,14.0,37.9,24.1
2014,Toledo,,0.555,4.7,35.8,33.4
2014,Troy,,0.363,-14.5,29.1,43.8
2014,Tulane,,0.614,-8.0,15.6,24.1
2014,Tulsa,,0.309,-18.7,12.9,31.6
2014,UAB,,0.378,-20.8,24.1,46.5
2014,UCF,,0.442,12.3,38.4,27.4
2014,UCLA,,0.912,20.0,39.0,20.4
2014,UConn,,0.941,-13.2,15.9,26.8
2014,UL Monroe,,0.584,-26.2,13.4,38.1
2014,UNLV,,0.646,-10.1,26.8,34.2
2014,USC,,0.706,22.5,36.6,12.5
2014,UTEP,,0.692,-28.9,19.0,45.6
2014,UTSA,,0.546,-6.6,25.9,30.3
2014,Utah,,0.66,11.8,30.1,19.9
2014,Utah State,,0.533,4.2,23.3,19.5
2014,Vanderbilt,,0.081,7.5,29.1,22.2
2014,Virginia,,0.748,-5.2,21.3,26.5
2014,Virginia Tech,,0.555,14.9,26.0,9.6
2014,Wake Forest,,0.243,-2.8,19.4,21.3
2014,Washington,,0.284,20.5,37.6,18.3
2014,Washington State,,0.973,8.2,33.6,26.3
2014,West Virginia,,0.704,-0.9,25.9,27.2
2014,Western Kentucky,,0.76,-3.1,30.5,33.5
2014,Western Michigan,,0.809,-25.5,13.9,38.5
2014,Wisconsin,,0.468,22.4,39.5,15.6
2014,Wyoming,,0.291,-15.3,26.7,39.1
2015,Abilene Christian,66.43,,,,
2015,Air Force,70.95,0.615,-1.4,26.2,29.5
2015,Akron,412.65,0.479,-9.4,18.9,28.1
2015,Alabama,981.9,0.222,34.3,44.5,10.7
2015,Alabama A&M,13.33,,,,
2015,Alabama State,24.46,,,,
2015,App State,312.88,0.952,-8.3,26.2,32.0
2015,Arizona,606.92,0.883,7.6,33.4,25.7
2015,Arizona State,680.87,0.547,13.5,36.1,23.3
2015,Arkansas,695.04,0.888,12.2,32.4,19.4
2015,Arkansas State,408.08,0.989,-0.3,31.5,31.6
2015,Arkansas-Pine Bluff,6.66,,,,
2015,Army,186.45,0.292,-16.9,25.2,40.9
2015,Auburn,865.41,0.202,24.2,45.2,22.1
2015,Austin Peay,36.99,,,,
2015,BYU,521.43,0.575,10.2,33.1,24.1
2015,Ball State,349.94,0.613,-6.6,25.6,33.9
2015,Baylor,660.35,0.608,23.9,43.0,19.5
2015,Bethune-Cookman,116.09,,,,
2015,Boise State,568.96,0.355,11.6,36.6,24.7
2015,Boston College,534.6,0.183,4.9,28.7,23.7
2015,Bowling Green,433.59,0.977,-5.4,27.7,33.5
2015,Brown,16.92,,,,
2015,Buffalo,316.44,0.946,-7.7,27.1,33.5
2015,Butler,9.96,,,,
2015,Cal Poly,97.73,,,,
2015,California,626.0,0.913,-0.6,36.6,36.3
2015,Campbell,31.21,,,,
2015,Central Arkansas,35.29,,,,
2015,Central Michigan,376.81,0.658,-5.2,26.1,30.2
2015,Charleston Southern,48.43,,,,
2015,Charlotte,304.05,,,,
2015,Chattanooga,137.06,,,,
2015,Cincinnati,494.65,0.895,6.9,36.3,29.8
2015,Clemson,807.56,0.86,18.1,29.0,11.6
2015,Coastal Carolina,41.5,,,,
2015,Colorado,542.06,0.811,-5.0,32.5,38.9
2015,Colorado State,389.1,0.482,4.5,33.2,29.2
2015,Columbia,21.24,,,,
2015,Cornell,29.11,,,,
2015,Dartmouth,2.96,,,,
2015,Davidson,15.67,,,,
2015,Delaware State,25.26,,,,
2015,Drake,7.43,,,,
2015,Duke,563.19,0.394,7.0,29.6,25.1
2015,Duquesne,50.43,,,,
2015,East Carolina,403.62,0.188,8.5,34.7,24.6
2015,East Tennessee State,20.07,,,,
2015,Eastern Illinois,46.56,,,,
2015,Eastern Kentucky,46.5,,,,
2015,Eastern Michigan,341.36,0.78,-25.9,17.8,42.7
2015,Eastern Washington,45.1,,,,
2015,Florida,789.79,0.522,17.3,29.8,14.1
2015,Florida A&M,15.6,,,,
2015,Florida Atlantic,401.61,0.759,-10.4,25.2,34.9
2015,Florida International,360.11,0.669,-16.2,15.0,30.3
2015,Florida State,889.92,0.308,28.5,45.0,18.9
2015,Fordham,36.98,,,,
2015,Fresno State,402.58,0.377,-6.9,24.5,31.0
2015,Furman,61.89,,,,
2015,Gardner-Webb,8.58,,,,
2015,Georgia,877.74,0.461,27.6,44.2,16.8
2015,Georgia Southern,391.18,0.714,-2.4,32.0,33.4
2015,Georgia State,335.67,0.883,-22.8,22.8,45.9
2015,Georgia Tech,590.34,0.441,11.2,44.1,32.0
2015,Grambling,41.62,,,,
2015,Hampton,58.39,,,,
2015,Harvard,30.49,,,,
2015,Hawai'i,385.63,0.752,-15.0,15.7,30.6
2015,Holy Cross,7.45,,,,
2015,Houston,511.45,0.696,5.4,30.4,23.6
2015,Houston Christian,39.71,,,,
2015,Howard,2.22,,,,
2015,Idaho,262.39,0.383,-17.4,24.6,41.4
2015,Idaho State,21.69,,,,
2015,Illinois,530.96,0.73,0.4,28.3,27.9
2015,Illinois State,92.42,,,,
2015,Incarnate Word,15.59,,,,
2015,Indiana,559.08,0.271,1.8,30.1,27.8
2015,Indiana State,74.6,,,,
2015,Iowa,573.06,0.333,6.8,32.5,24.2
2015,Iowa State,529.12,0.706,-7.9,21.7,30.2
2015,Jackson State,78.26,,,,
2015,Jacksonville,18.58,,,,
2015,Jacksonville State,173.32,,,,
2015,James Madison,84.74,,,,
2015,Kansas,499.97,0.352,-9.8,21.1,29.1
2015,Kansas State,503.64,0.13,16.3,37.7,23.2
2015,Kennesaw State,23.49,,,,
2015,Kent State,338.4,0.478,-13.7,16.7,29.5
2015,Kentucky,634.52,0.722,6.6,29.8,24.8
2015,LSU,889.37,0.792,21.5,34.2,13.3
2015,Lamar,24.84,,,,
2015,Lehigh,6.66,,,,
2015,Liberty,19.57,,,,
2015,Louisiana,430.17,0.555,2.2,30.0,29.3
2015,Louisiana Tech,437.99,0.459,-1.7,27.0,27.5
2015,Louisville,641.05,0.596,17.0,34.0,16.7
2015,Maine,7.24,,,,
2015,Marist,2.63,,,,
2015,Marshall,489.77,0.392,16.8,38.4,23.1
2015,Maryland,603.76,0.297,5.7,30.4,26.1
2015,Massachusetts,323.73,0.848,-20.2,22.6,39.9
2015,McNeese,51.19,,,,
2015,Memphis,381.8,0.767,5.6,26.5,22.0
2015,Mercer,35.02,,,,
2015,Miami,773.23,0.651,13.9,35.0,21.3
2015,Miami (OH),397.13,0.324,-18.7,21.5,37.9
2015,Michigan,851.12,0.507,8.2,27.0,19.0
2015,Michigan State,715.3,0.599,24.1,42.5,17.9
2015,Middle Tennessee,409.82,0.739,-8.7,29.6,36.5
2015,Minnesota,516.1,0.53,6.8,29.7,24.3
2015,Mississippi State,680.06,0.742,22.2,43.2,20.7
2015,Missouri,642.93,0.474,19.3,33.0,15.2
2015,Monmouth,7.93,,,,
2015,Montana,64.46,,,,
2015,Montana State,11.86,,,,
2015,Murray State,89.72,,,,
2015,NC State,610.33,0.82,8.1,34.1,27.1
2015,Navy,306.87,0.707,3.4,36.5,32.5
2015,Nebraska,699.89,0.644,13.1,33.8,21.0
2015,Nevada,380.53,0.472,-7.3,26.7,33.7
2015,New Hampshire,21.17,,,,
2015,New Mexico,341.72,0.809,-15.0,28.4,42.4
2015,New Mexico State,251.16,0.782,-23.3,23.0,43.3
2015,Nicholls,24.71,,,,
2015,Norfolk State,32.59,,,,
2015,North Carolina,683.03,0.885,0.0,35.8,35.1
2015,North Carolina Central,14.26,,,,
2015,North Dakota State,82.26,,,,
2015,North Texas,380.69,0.721,-9.4,20.2,31.2
2015,Northern Arizona,68.35,,,,
2015,Northern Colorado,36.95,,,,
2015,Northern Illinois,380.69,0.724,-0.6,29.8,29.6
2015,Northern Iowa,202.77,,,,
2015,Northwestern,595.75,0.405,1.5,23.7,21.6
2015,Northwestern State,28.02,,,,
2015,Notre Dame,857.33,0.536,10.8,37.5,26.0
2015,Ohio,330.61,0.794,-11.7,17.8,28.2
2015,Ohio State,907.32,0.825,25.8,45.6,20.1
2015,Oklahoma,775.9,0.831,19.2,39.9,22.2
2015,Oklahoma State,651.83,0.723,8.6,32.0,24.0
2015,Old Dominion,319.6,0.427,-12.7,32.8,43.3
2015,Ole Miss,764.34,0.547,20.7,35.4,14.4
2015,Oregon,757.52,0.478,24.7,48.1,23.2
2015,Oregon State,544.66,0.431,3.2,30.3,27.9
2015,Penn State,732.36,0.748,9.2,20.6,11.0
2015,Pennsylvania,73.07,,,,
2015,Pittsburgh,611.18,0.842,14.1,37.4,25.3
2015,Portland State,123.61,,,,
2015,Prairie View A&M,20.76,,,,
2015,Presbyterian,25.63,,,,
2015,Purdue,534.26,0.543,-6.2,22.7,30.2
2015,Rhode Island,37.17,,,,
2015,Rice,399.58,0.731,-3.1,27.9,29.8
2015,Richmond,46.34,,,,
2015,Robert Morris,3.06,,,,
2015,Rutgers,602.35,0.456,-1.5,32.0,33.1
2015,SE Louisiana,58.08,,,,
2015,SMU,446.83,0.884,-21.2,16.6,34.9
2015,Sacramento State,37.46,,,,
2015,Saint Francis,1.74,,,,
2015,Samford,95.68,,,,
2015,San Diego State,494.77,0.665,1.0,25.1,24.6
2015,San José State,379.6,0.804,-11.5,22.1,30.5
2015,South Alabama,367.16,0.322,-4.3,23.4,28.3
2015,South Carolina,725.72,0.349,17.4,43.6,26.5
2015,South Carolina State,105.01,,,,
2015,South Dakota,3.36,,,,
2015,South Dakota State,25.25,,,,
2015,South Florida,529.65,0.391,-11.8,19.0,32.3
2015,Southeast Missouri State,29.79,,,,
2015,Southern,37.48,,,,
2015,Southern Illinois,60.76,,,,
2015,Southern Miss,470.84,0.686,-15.9,19.0,34.8
2015,Southern Utah,6.66,,,,
2015,Stanford,765.98,0.84,21.4,33.5,12.0
2015,Stephen F. Austin,103.72,,,,
2015,Stetson,6.66,,,,
2015,Stony Brook,61.96,,,,
2015,Syracuse,508.8,0.678,-2.1,18.8,20.9
2015,TCU,630.38,0.889,23.3,39.3,17.5
2015,Temple,405.92,0.488,-4.7,15.8,18.9
2015,Tennessee,810.53,0.91,12.2,31.0,19.9
2015,Tennessee State,74.37,,,,
2015,Tennessee Tech,31.74,,,,
2015,Texas,821.26,0.496,9.0,26.0,17.2
2015,Texas A&M,830.34,0.57,20.2,43.6,26.3
2015,Texas Southern,43.1,,,,
2015,Texas State,360.49,0.8,-7.4,27.9,35.3
2015,Texas Tech,641.07,0.821,4.9,39.9,35.3
2015,The Citadel,47.12,,,,
2015,Toledo,429.03,0.871,2.3,38.0,35.2
2015,Towson,74.05,,,,
2015,Troy,335.43,0.792,-15.9,22.4,37.5
2015,Tulane,408.22,0.616,-15.0,16.2,28.0
2015,Tulsa,404.03,0.964,-15.8,23.6,37.7
2015,UAB,236.34,0.003,-4.2,26.0,32.8
2015,UC Davis,6.66,,,,
2015,UCF,484.54,0.429,5.7,25.8,19.7
2015,UCLA,793.22,0.534,17.7,39.9,23.0
2015,UConn,402.23,0.271,-14.1,14.6,27.7
2015,UL Monroe,292.73,0.442,-10.0,18.4,28.8
2015,UNLV,332.69,0.744,-17.6,22.0,39.1
2015,USC,926.71,0.53,17.1,38.8,22.5
2015,UT Martin,62.12,,,,
2015,UTEP,256.12,0.34,-12.0,23.5,35.4
2015,UTSA,356.37,0.53,-3.4,16.6,22.1
2015,Utah,574.41,0.731,8.8,29.1,23.0
2015,Utah State,331.44,0.491,6.0,25.2,18.6
2015,VMI,31.43,,,,
2015,Valparaiso,56.37,,,,
2015,Vanderbilt,609.76,1.013,-4.3,22.0,25.3
2015,Villanova,57.42,,,,
2015,Virginia,667.05,0.5,4.0,23.5,20.4
2015,Virginia Tech,658.38,0.892,7.8,25.7,17.2
2015,Wagner,64.14,,,,
2015,Wake Forest,497.48,0.202,-7.8,13.1,22.6
2015,Washington,667.45,0.476,7.8,28.5,21.8
2015,Washington State,540.86,0.416,-1.7,33.0,32.8
2015,Weber State,19.8,,,,
2015,West Virginia,625.85,0.366,8.4,31.3,24.3
2015,Western Carolina,15.77,,,,
2015,Western Illinois,51.28,,,,
2015,Western Kentucky,353.5,0.852,-2.6,40.1,41.6
2015,Western Michigan,442.13,1.005,-0.8,30.2,31.8
2015,William & Mary,15.65,,,,
2015,Wisconsin,635.77,0.561,20.8,38.7,18.1
2015,Wofford,19.48,,,,
2015,Wyoming,314.72,0.462,-14.0,20.0,34.1
2015,Yale,181.76,,,,
2015,Youngstown State,116.79,,,,
2016,Abilene Christian,19.77,,,,
2016,Air Force,44.58,0.563,4.7,32.6,29.2
2016,Akron,443.73,0.712,-0.8,24.8,25.9
2016,Alabama,982.66,0.341,29.0,37.7,9.1
2016,Alabama A&M,26.31,,,,
2016,Alabama State,53.46,,,,
2016,Alcorn State,39.3,,,,
2016,App State,333.36,0.722,7.9,33.2,25.1
2016,Arizona,616.31,0.532,4.7,38.0,31.6
2016,Arizona State,694.21,0.349,10.2,34.9,27.2
2016,Arkansas,689.41,0.395,19.2,46.6,28.0
2016,Arkansas State,471.45,0.369,0.5,30.9,28.4
2016,Arkansas-Pine Bluff,6.66,,,,
2016,Army,131.74,0.872,-21.7,20.3,39.0
2016,Auburn,865.36,0.569,14.6,36.1,23.1
2016,Austin Peay,44.67,,,,
2016,BYU,529.05,0.679,8.7,31.9,24.6
2016,Ball State,365.94,0.954,-15.5,21.9,37.3
2016,Baylor,619.18,0.576,19.5,45.1,24.1
2016,Bethune-Cookman,63.39,,,,
2016,Boise State,548.82,0.857,11.8,32.2,20.2
2016,Boston College,533.39,0.921,4.7,18.0,12.5
2016,Bowling Green,392.66,0.386,7.5,39.4,32.1
2016,Brown,16.92,,,,
2016,Bryant,6.24,,,,
2016,Buffalo,343.64,0.217,-10.3,24.1,32.2
2016,Butler,21.56,,,,
2016,Cal Poly,91.73,,,,
2016,California,601.17,0.152,12.1,41.3,29.5
2016,Campbell,40.68,,,,
2016,Central Arkansas,62.11,,,,
2016,Central Connecticut,6.66,,,,
2016,Central Michigan,391.81,0.931,-3.1,26.4,27.2
2016,Charleston Southern,65.6,,,,
2016,Charlotte,330.55,0.859,-21.7,11.9,31.9
2016,Chattanooga,119.2,,,,
2016,Cincinnati,541.58,0.505,5.3,34.4,28.2
2016,Clemson,846.0,0.888,24.0,41.9,17.2
2016,Coastal Carolina,71.67,,,,
2016,Colorado,526.39,0.756,-4.0,25.8,28.5
2016,Colorado State,412.28,0.517,0.5,29.4,30.2
2016,Columbia,21.24,,,,
2016,Cornell,15.89,,,,
2016,Dayton,14.99,,,,
2016,Delaware State,22.84,,,,
2016,Drake,27.37,,,,
2016,Duke,599.82,0.693,3.4,27.0,21.5
2016,Duquesne,116.15,,,,
2016,East Carolina,442.26,0.472,-0.5,28.6,27.9
2016,East Tennessee State,31.35,,,,
2016,Eastern Illinois,119.04,,,,
2016,Eastern Kentucky,184.88,,,,
2016,Eastern Michigan,347.7,0.547,-19.7,25.6,45.5
2016,Eastern Washington,45.1,,,,
2016,Florida,798.44,0.311,13.8,26.7,15.8
2016,Florida A&M,16.64,,,,
2016,Florida Atlantic,408.4,0.415,-9.8,18.8,29.3
2016,Florida International,362.84,0.711,-16.6,21.7,36.5
2016,Florida State,906.64,0.773,23.2,38.0,15.0
2016,Fordham,36.98,,,,
2016,Fresno State,404.97,0.706,-12.6,19.6,32.8
2016,Furman,66.86,,,,
2016,Gardner-Webb,22.66,,,,
2016,Georgetown,12.6,,,,
2016,Georgia,872.0,0.778,16.8,28.6,10.7
2016,Georgia Southern,435.33,1.016,7.3,32.8,26.5
2016,Georgia State,321.79,0.405,-6.7,28.0,31.9
2016,Georgia Tech,582.55,0.883,9.0,33.1,25.4
2016,Grambling,93.31,,,,
2016,Hampton,99.46,,,,
2016,Harvard,17.28,,,,
2016,Hawai'i,384.97,1.013,-16.3,16.6,35.1
2016,Holy Cross,14.75,,,,
2016,Houston,572.7,0.709,6.2,33.6,28.4
2016,Houston Christian,61.17,,,,
2016,Howard,7.53,,,,
2016,Idaho,256.78,0.652,-12.2,30.7,44.4
2016,Idaho State,25.18,,,,
2016,Illinois,523.91,0.688,2.7,22.7,20.2
2016,Illinois State,102.21,,,,
2016,Indiana,565.47,0.387,0.4,37.5,35.9
2016,Indiana State,43.84,,,,
2016,Iowa,558.73,0.839,9.3,30.1,21.0
2016,Iowa State,552.17,0.632,-0.3,31.2,33.7
2016,Jackson State,86.85,,,,
2016,Jacksonville,13.41,,,,
2016,Jacksonville State,254.26,,,,
2016,James Madison,128.58,,,,
2016,Kansas,491.0,0.767,-21.3,20.2,40.6
2016,Kansas State,505.29,0.68,2.6,32.2,30.8
2016,Kennesaw State,54.76,,,,
2016,Kent State,334.01,0.729,-11.9,10.6,21.3
2016,Kentucky,652.07,0.787,-0.3,26.8,27.2
2016,LSU,917.72,0.93,19.7,41.3,21.8
2016,Lamar,43.84,,,,
2016,Lehigh,6.66,,,,
2016,Liberty,21.04,,,,
2016,Louisiana,421.37,0.596,-7.1,24.2,32.1
2016,Louisiana Tech,451.38,0.359,8.3,35.6,27.4
2016,Louisville,654.13,0.995,13.2,33.4,20.0
2016,Maine,23.37,,,,
2016,Marshall,485.46,0.641,3.5,25.4,20.3
2016,Maryland,651.99,0.87,-1.6,26.1,26.5
2016,Massachusetts,370.9,0.178,-9.5,22.1,29.3
2016,McNeese,69.85,,,,
2016,Memphis,451.24,0.338,8.0,35.1,30.4
2016,Mercer,57.71,,,,
2016,Miami,745.93,0.785,11.0,34.9,25.8
2016,Miami (OH),418.04,0.843,-13.5,16.8,29.5
2016,Michigan,852.78,0.501,19.7,35.2,16.2
2016,Michigan State,719.7,0.226,15.6,35.7,20.6
2016,Middle Tennessee,436.6,0.775,-4.6,27.7,32.1
2016,Minnesota,535.44,0.99,8.1,28.1,22.4
2016,Mississippi State,679.14,0.33,15.1,40.2,23.8
2016,Missouri,633.76,0.656,3.4,16.7,12.4
2016,Missouri State,12.7,,,,
2016,Monmouth,35.77,,,,
2016,Montana,83.1,,,,
2016,Montana State,64.33,,,,
2016,Morehead State,6.66,,,,
2016,Murray State,62.79,,,,
2016,NC State,616.29,0.558,9.6,36.2,24.7
2016,Navy,342.77,0.272,12.1,38.9,27.8
2016,Nebraska,691.61,0.907,11.1,35.4,25.0
2016,Nevada,389.56,0.908,-7.1,26.9,32.6
2016,New Hampshire,11.21,,,,
2016,New Mexico,387.26,0.712,-8.7,24.9,34.8
2016,New Mexico State,267.66,0.433,-18.6,24.5,42.2
2016,Nicholls,89.59,,,,
2016,Norfolk State,67.07,,,,
2016,North Carolina,669.61,0.567,20.0,43.3,25.3
2016,North Carolina A&T,3.81,,,,
2016,North Carolina Central,13.15,,,,
2016,North Dakota State,81.65,,,,
2016,North Texas,351.58,0.135,-25.0,13.3,39.2
2016,Northern Arizona,104.38,,,,
2016,Northern Colorado,29.66,,,,
2016,Northern Illinois,403.27,0.862,-0.9,26.1,25.4
2016,Northern Iowa,164.16,,,,
2016,Northwestern,613.55,0.704,0.2,16.8,15.0
2016,Northwestern State,32.06,,,,
2016,Notre Dame,842.35,0.656,22.4,44.1,21.2
2016,Ohio,372.56,0.589,-0.5,24.5,26.6
2016,Ohio State,902.46,0.244,29.5,41.3,13.5
2016,Oklahoma,777.48,0.766,22.7,41.7,19.3
2016,Oklahoma State,631.68,0.659,9.9,37.7,28.8
2016,Old Dominion,347.2,0.972,-14.8,22.5,37.5
2016,Ole Miss,808.15,0.771,27.0,43.1,17.4
2016,Oregon,738.29,0.608,15.9,46.7,30.4
2016,Oregon State,524.89,0.925,-10.1,25.9,35.3
2016,Penn State,742.52,0.651,11.3,28.4,19.0
2016,Pennsylvania,60.95,,,,
2016,Pittsburgh,649.85,0.693,11.1,33.9,22.4
2016,Portland State,154.68,,,,
2016,Prairie View A&M,67.68,,,,
2016,Presbyterian,41.4,,,,
2016,Princeton,36.73,,,,
2016,Purdue,512.72,0.69,-7.4,26.6,33.5
2016,Rhode Island,41.24,,,,
2016,Rice,394.83,0.45,-14.6,24.0,37.9
2016,Richmond,51.95,,,,
2016,Robert Morris,26.7,,,,
2016,Rutgers,585.47,0.722,-10.1,29.3,37.1
2016,SE Louisiana,121.61,,,,
2016,SMU,474.03,0.901,-17.5,27.3,42.3
2016,Sacramento State,45.18,,,,
2016,Sacred Heart,19.44,,,,
2016,Saint Francis,1.74,,,,
2016,Samford,94.57,,,,
2016,San Diego,6.66,,,,
2016,San Diego State,482.31,0.567,8.0,28.6,22.6
2016,San José State,437.36,0.607,-4.5,26.8,32.0
2016,Savannah State,23.51,,,,
2016,South Alabama,389.36,0.539,-10.4,24.3,33.4
2016,South Carolina,706.9,0.581,3.4,31.3,28.6
2016,South Carolina State,75.71,,,,
2016,South Dakota,32.89,,,,
2016,South Florida,563.99,0.893,3.6,30.1,26.8
2016,Southeast Missouri State,76.33,,,,
2016,Southern,46.97,,,,
2016,Southern Illinois,123.69,,,,
2016,Southern Miss,441.29,0.578,1.4,31.3,31.1
2016,Southern Utah,68.79,,,,
2016,Stanford,778.45,0.395,22.8,44.5,24.5
2016,Stephen F. Austin,80.33,,,,
2016,Stetson,9.99,,,,
2016,Stony Brook,118.15,,,,
2016,Syracuse,520.26,1.014,-3.9,30.0,33.2
2016,TCU,665.53,0.242,19.0,40.8,21.7
2016,Temple,492.72,0.631,6.0,26.4,20.6
2016,Tennessee,813.92,0.879,19.5,35.7,17.8
2016,Tennessee State,51.82,,,,
2016,Tennessee Tech,53.0,,,,
2016,Texas,838.97,0.858,3.7,30.7,27.0
2016,Texas A&M,814.63,0.537,14.1,31.9,18.8
2016,Texas Southern,43.86,,,,
2016,Texas State,351.76,0.338,-15.5,26.3,40.5
2016,Texas Tech,604.93,0.71,4.5,44.8,40.3
2016,The Citadel,37.64,,,,
2016,Toledo,460.86,0.515,7.7,30.4,21.8
2016,Towson,95.18,,,,
2016,Troy,390.47,0.538,-7.0,24.5,31.9
2016,Tulane,388.04,0.521,-14.0,20.3,32.5
2016,Tulsa,409.17,0.659,-8.5,32.4,41.2
2016,UCF,510.27,1.091,-15.5,16.3,33.7
2016,UCLA,819.16,0.543,18.6,42.4,22.6
2016,UConn,423.56,0.977,-6.3,18.1,23.9
2016,UL Monroe,322.82,0.916,-14.7,18.4,32.9
2016,UNLV,376.26,0.559,-16.2,24.2,39.9
2016,USC,936.86,0.605,16.8,38.6,23.3
2016,UT Martin,107.98,,,,
2016,UTEP,290.4,0.924,-19.5,18.7,37.8
2016,UTSA,397.64,0.642,-17.7,19.3,36.6
2016,Utah,580.07,0.337,11.0,28.8,19.8
2016,Utah State,357.13,0.64,-0.1,24.1,22.9
2016,VMI,31.43,,,,
2016,Valparaiso,29.84,,,,
2016,Vanderbilt,619.03,0.617,-1.6,17.8,19.3
2016,Villanova,23.98,,,,
2016,Virginia,618.91,0.71,1.4,33.0,30.8
2016,Virginia Tech,646.82,0.754,11.4,30.8,19.7
2016,Wagner,118.43,,,,
2016,Wake Forest,517.63,0.801,-4.5,19.8,25.2
2016,Washington,699.64,0.676,9.7,30.1,20.8
2016,Washington State,522.58,0.855,4.2,35.8,29.4
2016,Weber State,54.68,,,,
2016,West Virginia,654.64,0.707,12.9,34.4,19.9
2016,Western Carolina,13.67,,,,
2016,Western Illinois,78.62,,,,
2016,Western Kentucky,401.82,0.389,10.8,40.1,29.8
2016,Western Michigan,443.16,0.784,4.9,36.7,32.2
2016,William & Mary,43.54,,,,
2016,Wisconsin,643.76,0.297,15.1,27.0,12.4
2016,Wofford,19.48,,,,
2016,Wyoming,316.18,0.705,-16.7,22.9,39.7
2016,Yale,165.17,,,,
2016,Youngstown State,130.84,,,,
2017,Air Force,21.1,0.627,4.4,33.0,29.9
2017,Akron,337.11,0.599,-5.6,22.3,28.2
2017,Alabama,997.57,0.731,31.7,40.0,8.6
2017,App State,335.87,0.704,9.2,30.0,20.5
2017,Arizona,607.31,0.714,-4.5,29.6,32.4
2017,Arizona State,720.44,0.727,-3.0,32.2,37.6
2017,Arkansas,717.01,0.566,7.9,36.2,28.9
2017,Arkansas State,436.05,0.815,-1.2,21.9,21.1
2017,Army,88.72,0.714,-9.9,22.2,29.2
2017,Auburn,867.43,0.516,15.3,32.1,18.4
2017,BYU,574.09,0.306,8.0,29.6,23.1
2017,Ball State,318.17,0.613,-7.0,28.2,35.1
2017,Baylor,657.22,0.432,11.3,37.0,24.2
2017,Boise State,501.53,0.613,11.5,36.7,25.0
2017,Boston College,535.21,0.524,-1.6,20.1,20.8
2017,Bowling Green,361.82,0.81,-6.6,25.0,31.8
2017,Buffalo,294.08,0.353,-18.8,16.8,33.5
2017,Cal Poly,76.98,,,,
2017,California,603.06,0.394,2.4,38.4,36.3
2017,Central Michigan,387.2,0.65,-6.1,27.6,31.4
2017,Charleston Southern,72.38,,,,
2017,Charlotte,283.01,0.668,-20.9,17.6,36.9
2017,Cincinnati,500.95,0.732,-3.6,24.5,27.3
2017,Clemson,853.65,0.243,28.7,43.5,14.1
2017,Coastal Carolina,119.43,,,,
2017,Colorado,568.59,0.746,6.3,29.3,21.7
2017,Colorado State,441.98,0.822,0.8,33.5,34.0
2017,Duke,627.62,0.827,-2.8,26.8,27.6
2017,East Carolina,471.1,0.442,-9.0,27.2,35.1
2017,Eastern Michigan,292.11,0.806,-8.2,28.3,36.6
2017,Eastern Washington,19.95,,,,
2017,Elon,13.41,,,,
2017,Florida,793.83,0.802,15.4,26.6,14.0
2017,Florida Atlantic,470.88,0.901,-14.1,28.7,43.5
2017,Florida International,334.18,0.72,-19.0,25.0,42.2
2017,Florida State,924.97,0.597,24.0,42.6,18.8
2017,Fresno State,374.63,0.858,-16.9,16.4,33.9
2017,Gardner-Webb,23.01,,,,
2017,Georgia,930.34,0.804,9.3,28.0,17.6
2017,Georgia Southern,365.57,0.301,-3.9,27.8,32.6
2017,Georgia State,364.16,0.69,-12.1,17.3,26.7
2017,Georgia Tech,574.35,0.506,7.8,35.0,28.5
2017,Hawai'i,330.56,0.611,-10.1,28.6,40.8
2017,Houston,558.72,0.396,10.1,30.8,21.7
2017,Idaho,184.75,0.591,-8.6,24.7,34.9
2017,Idaho State,15.22,,,,
2017,Illinois,538.83,0.508,-6.7,22.7,29.5
2017,Indiana,547.92,0.635,4.6,25.1,19.4
2017,Iowa,592.95,0.304,10.3,29.0,18.9
2017,Iowa State,559.34,0.908,0.7,27.0,28.5
2017,James Madison,179.5,,,,
2017,Kansas,512.24,0.404,-15.9,21.0,36.0
2017,Kansas State,517.85,0.817,8.2,34.2,27.2
2017,Kennesaw State,70.97,,,,
2017,Kent State,288.56,0.905,-12.0,16.6,27.4
2017,Kentucky,671.45,0.665,-2.6,30.8,33.4
2017,LSU,907.1,0.686,25.3,34.2,9.0
2017,Liberty,19.85,,,,
2017,Louisiana,329.24,0.215,-8.7,19.8,29.4
2017,Louisiana Tech,394.31,0.232,3.1,39.8,36.9
2017,Louisville,640.98,0.67,22.9,40.8,17.7
2017,Maine,38.99,,,,
2017,Marshall,445.48,0.443,-12.7,24.6,35.8
2017,Maryland,696.21,0.44,-0.6,28.7,28.1
2017,Massachusetts,367.59,0.75,-15.3,23.7,36.7
2017,Memphis,504.49,0.879,7.7,33.8,29.3
2017,Miami,749.08,0.305,18.6,34.1,17.3
2017,Miami (OH),413.24,0.881,-6.1,23.8,29.0
2017,Michigan,874.28,0.624,24.4,34.8,11.1
2017,Michigan State,680.94,0.191,7.4,31.0,24.1
2017,Middle Tennessee,344.65,0.762,-1.9,35.0,36.8
2017,Minnesota,543.8,0.352,12.6,27.8,17.5
2017,Mississippi State,701.06,0.782,5.4,34.5,27.8
2017,Missouri,623.33,0.822,-1.0,31.2,31.3
2017,Monmouth,21.44,,,,
2017,Montana,80.03,,,,
2017,Montana State,26.4,,,,
2017,NC State,609.76,0.859,9.4,30.5,19.3
2017,Navy,376.2,0.28,6.8,39.8,33.9
2017,Nebraska,693.46,0.19,10.3,37.7,28.3
2017,Nevada,341.11,0.473,-13.0,26.2,37.9
2017,New Hampshire,11.21,,,,
2017,New Mexico,344.64,0.56,-5.1,32.2,38.6
2017,New Mexico State,233.47,0.773,-17.2,23.2,39.5
2017,North Carolina,697.54,0.156,15.9,38.5,24.6
2017,North Texas,303.13,0.387,-14.6,22.0,37.5
2017,Northern Arizona,69.2,,,,
2017,Northern Colorado,32.58,,,,
2017,Northern Illinois,373.99,0.446,-2.4,32.0,32.7
2017,Northwestern,627.54,0.636,2.9,27.9,23.5
2017,Notre Dame,837.71,0.516,15.7,39.4,23.2
2017,Ohio,326.14,0.338,-2.1,22.0,25.8
2017,Ohio State,959.12,0.603,22.4,35.6,15.0
2017,Oklahoma,801.67,0.594,26.1,48.7,22.9
2017,Oklahoma State,633.57,0.739,16.4,42.4,27.0
2017,Old Dominion,331.2,0.555,-0.7,29.9,30.9
2017,Ole Miss,795.7,0.303,12.4,38.9,27.9
2017,Oregon,720.23,0.489,6.1,42.5,36.1
2017,Oregon State,557.02,0.569,-4.6,26.1,30.0
2017,Penn State,779.26,0.847,19.0,38.0,20.9
2017,Pittsburgh,660.36,0.379,13.1,43.0,29.4
2017,Portland State,147.63,,,,
2017,Presbyterian,14.91,,,,
2017,Purdue,502.71,0.565,-11.0,25.1,35.6
2017,Rhode Island,65.72,,,,
2017,Rice,345.79,0.377,-16.5,22.8,38.6
2017,Richmond,71.64,,,,
2017,Rutgers,574.78,0.537,-14.9,17.3,29.9
2017,SMU,492.63,0.849,-10.8,24.3,32.6
2017,Sacramento State,46.67,,,,
2017,San Diego State,419.43,0.717,11.4,32.0,22.5
2017,San José State,378.56,0.45,-13.6,22.4,36.7
2017,South Alabama,387.88,0.507,-9.4,25.2,33.3
2017,South Carolina,702.52,0.867,-4.0,22.7,27.5
2017,South Florida,554.17,0.816,9.8,44.4,34.9
2017,Southern Miss,394.24,0.53,0.7,29.1,29.6
2017,Southern Utah,33.11,,,,
2017,Stanford,810.31,0.596,16.4,31.2,17.5
2017,Stony Brook,111.94,,,,
2017,Syracuse,539.6,0.596,-2.7,29.2,31.2
2017,TCU,672.81,1.014,11.0,34.5,23.4
2017,Temple,468.29,0.598,11.9,31.5,19.8
2017,Tennessee,817.34,0.223,16.3,39.9,25.2
2017,Texas,811.03,0.642,10.6,37.4,26.8
2017,Texas A&M,807.27,0.338,12.0,37.2,26.1
2017,Texas State,274.67,0.696,-25.5,18.4,42.5
2017,Texas Tech,574.93,0.339,3.7,40.6,36.9
2017,Toledo,366.47,0.68,12.3,40.6,27.4
2017,Towson,106.93,,,,
2017,Troy,352.1,0.993,1.1,25.7,25.1
2017,Tulane,396.43,0.155,-14.6,15.7,28.4
2017,Tulsa,422.77,0.257,7.4,34.6,27.6
2017,UAB,170.05,,,,
2017,UCF,571.52,0.639,-2.2,19.3,23.3
2017,UCLA,830.58,0.668,9.1,27.5,17.3
2017,UConn,420.17,0.612,-11.6,19.8,30.9
2017,UL Monroe,303.96,0.727,-21.3,20.4,41.5
2017,UNLV,331.18,0.684,-14.3,26.7,40.4
2017,USC,934.0,0.681,23.6,39.2,17.1
2017,UTEP,264.42,0.352,-16.1,25.0,40.6
2017,UTSA,291.62,0.831,-11.2,22.7,33.6
2017,Utah,630.95,0.553,10.9,32.5,23.6
2017,Utah State,330.2,0.656,-4.4,24.7,27.7
2017,Vanderbilt,607.68,0.937,-1.2,25.3,26.3
2017,Villanova,11.65,,,,
2017,Virginia,603.88,0.695,-3.8,25.4,28.5
2017,Virginia Tech,662.18,0.231,15.2,34.5,19.6
2017,Wake Forest,527.21,1.094,-0.6,21.5,22.9
2017,Washington,706.52,0.832,26.7,40.2,13.9
2017,Washington State,549.42,0.773,6.2,36.2,27.8
2017,Weber State,51.74,,,,
2017,West Virginia,613.18,0.282,11.3,35.7,22.8
2017,Western Kentucky,332.17,0.422,15.5,40.7,25.8
2017,Western Michigan,414.35,0.215,11.5,40.0,28.9
2017,William & Mary,40.05,,,,
2017,Wisconsin,639.76,0.639,16.1,30.5,14.8
2017,Wyoming,277.07,0.558,-6.9,30.4,37.5
2018,Abilene Christian,43.1,,,,
2018,Air Force,186.27,0.653,-11.0,28.8,40.5
2018,Akron,361.0,0.338,-17.6,24.1,39.6
2018,Alabama,978.54,0.777,33.5,38.7,5.6
2018,Alabama State,118.68,,,,
2018,Alcorn State,20.41,,,,
2018,App State,356.16,0.311,3.8,29.5,24.8
2018,Arizona,580.54,0.743,3.7,38.1,33.9
2018,Arizona State,687.72,0.895,1.0,33.9,33.1
2018,Arkansas,694.63,0.669,2.1,34.1,31.8
2018,Arkansas State,433.73,0.712,1.5,29.3,28.6
2018,Arkansas-Pine Bluff,8.98,,,,
2018,Army,230.75,0.611,-5.3,32.1,35.0
2018,Auburn,827.37,0.828,24.7,35.4,11.0
2018,Austin Peay,123.4,,,,
2018,BYU,565.85,0.885,-7.4,18.6,25.8
2018,Ball State,362.1,1.271,-19.7,20.3,37.7
2018,Baylor,668.37,0.832,-1.4,26.9,29.0
2018,Bethune-Cookman,61.9,,,,
2018,Boise State,543.43,0.53,9.1,28.6,20.5
2018,Boston College,533.43,0.809,4.6,25.2,19.9
2018,Bowling Green,375.14,0.593,-10.0,27.5,38.9
2018,Bryant,24.33,,,,
2018,Buffalo,369.14,0.737,-11.2,24.9,33.9
2018,Butler,31.53,,,,
2018,Cal Poly,37.28,,,,
2018,California,596.08,0.867,-1.0,28.7,29.9
2018,Campbell,58.46,,,,
2018,Central Arkansas,23.59,,,,
2018,Central Connecticut,7.09,,,,
2018,Central Michigan,413.6,0.179,-8.6,21.4,28.2
2018,Charleston Southern,51.01,,,,
2018,Charlotte,311.0,1.194,-26.1,13.7,37.7
2018,Chattanooga,112.15,,,,
2018,Cincinnati,543.78,0.789,-6.4,23.3,28.2
2018,Clemson,893.21,0.793,26.4,36.5,8.3
2018,Coastal Carolina,284.24,0.352,,,
2018,Colorado,575.65,0.586,2.0,30.3,30.1
2018,Colorado State,479.97,0.206,3.9,34.6,32.7
2018,Cornell,13.71,,,,
2018,Dayton,8.88,,,,
2018,Delaware,79.23,,,,
2018,Delaware State,21.32,,,,
2018,Drake,11.1,,,,
2018,Duke,635.63,0.85,6.1,25.5,19.2
2018,Duquesne,113.21,,,,
2018,East Carolina,434.48,0.267,-14.0,27.2,41.8
2018,East Tennessee State,35.09,,,,
2018,Eastern Illinois,6.75,,,,
2018,Eastern Kentucky,107.58,,,,
2018,Eastern Michigan,344.06,0.154,-5.3,22.0,26.4
2018,Eastern Washington,19.95,,,,
2018,Elon,6.66,,,,
2018,Florida,831.78,0.704,10.1,30.8,22.4
2018,Florida A&M,39.57,,,,
2018,Florida Atlantic,537.93,0.491,5.1,34.7,31.3
2018,Florida International,476.52,0.225,-10.4,24.0,35.0
2018,Florida State,888.75,0.639,22.8,33.3,12.5
2018,Fordham,15.33,,,,
2018,Fresno State,459.07,0.848,-2.7,22.3,25.5
2018,Furman,59.57,,,,
2018,Gardner-Webb,14.11,,,,
2018,Georgetown,11.1,,,,
2018,Georgia,964.0,0.627,26.7,39.6,15.4
2018,Georgia Southern,303.12,0.613,-15.8,18.3,35.5
2018,Georgia State,404.34,0.576,-14.0,17.0,28.6
2018,Georgia Tech,583.49,0.749,8.9,34.9,25.1
2018,Grambling,69.99,,,,
2018,Hampton,149.11,,,,
2018,Harvard,13.33,,,,
2018,Hawai'i,343.97,0.301,-19.7,23.3,40.4
2018,Holy Cross,7.31,,,,
2018,Houston,577.17,0.321,7.7,32.3,25.8
2018,Houston Christian,26.8,,,,
2018,Howard,17.6,,,,
2018,Idaho,87.35,0.219,-12.4,18.7,30.2
2018,Idaho State,20.5,,,,
2018,Illinois,562.67,0.764,-7.4,21.6,29.9
2018,Illinois State,109.44,,,,
2018,Incarnate Word,23.03,,,,
2018,Indiana,564.04,0.291,10.2,28.6,20.2
2018,Indiana State,23.88,,,,
2018,Iowa,615.08,0.827,9.8,28.4,19.4
2018,Iowa State,575.76,0.567,7.5,38.2,30.7
2018,Jackson State,14.46,,,,
2018,Jacksonville,17.49,,,,
2018,Jacksonville State,174.86,,,,
2018,James Madison,147.11,,,,
2018,Kansas,517.1,0.851,-14.8,21.6,36.7
2018,Kansas State,547.43,0.573,10.9,34.4,26.1
2018,Kennesaw State,86.45,,,,
2018,Kent State,351.73,0.948,-20.2,14.3,32.4
2018,Kentucky,670.27,0.335,2.7,30.8,29.5
2018,LSU,889.91,0.17,21.1,35.6,14.0
2018,Lamar,13.91,,,,
2018,Lehigh,6.66,,,,
2018,Liberty,93.99,,,,
2018,Louisiana,376.68,0.763,-15.8,27.5,42.9
2018,Louisiana Tech,477.5,0.746,-5.5,26.8,32.7
2018,Louisville,632.22,0.373,19.2,43.3,24.9
2018,Maine,18.93,,,,
2018,Marist,4.44,,,,
2018,Marshall,451.61,0.484,-4.5,19.4,23.9
2018,Maryland,725.94,0.668,-4.5,26.7,28.3
2018,Massachusetts,388.91,0.858,-9.7,24.1,31.9
2018,McNeese,43.55,,,,
2018,Memphis,480.07,0.39,7.8,37.6,30.6
2018,Mercer,13.96,,,,
2018,Miami,753.72,0.722,17.4,35.3,17.0
2018,Miami (OH),421.22,0.649,-2.2,24.2,26.9
2018,Michigan,862.35,0.763,19.6,31.1,11.8
2018,Michigan State,658.85,0.946,13.8,27.7,15.1
2018,Middle Tennessee,414.19,0.757,-4.9,21.2,26.8
2018,Minnesota,588.97,0.519,0.4,23.9,22.1
2018,Mississippi State,729.97,0.875,16.0,32.4,18.1
2018,Missouri,595.14,0.763,11.1,35.5,26.4
2018,Missouri State,53.43,,,,
2018,Monmouth,28.13,,,,
2018,Montana,49.16,,,,
2018,Montana State,98.98,,,,
2018,Morgan State,35.38,,,,
2018,Murray State,37.82,,,,
2018,NC State,629.39,0.788,12.9,38.0,23.3
2018,Navy,349.26,0.779,-0.7,32.5,32.1
2018,Nebraska,711.22,0.438,2.5,25.6,23.7
2018,Nevada,432.4,0.811,-16.4,25.6,41.1
2018,New Mexico,411.95,0.785,-12.4,20.8,34.2
2018,New Mexico State,249.32,0.312,-9.4,24.5,32.6
2018,Nicholls,66.08,,,,
2018,Norfolk State,56.44,,,,
2018,North Alabama,30.02,,,,
2018,North Carolina,688.48,0.824,4.3,29.3,25.9
2018,North Carolina A&T,39.98,,,,
2018,North Carolina Central,31.0,,,,
2018,North Dakota,23.99,,,,
2018,North Dakota State,83.68,,,,
2018,North Texas,368.58,0.74,-4.5,28.6,34.3
2018,Northern Arizona,85.03,,,,
2018,Northern Colorado,13.41,,,,
2018,Northern Illinois,432.31,0.634,-1.4,21.0,20.5
2018,Northern Iowa,34.7,,,,
2018,Northwestern,608.89,0.615,11.2,28.8,17.4
2018,Northwestern State,20.95,,,,
2018,Notre Dame,847.85,0.676,20.8,37.4,16.9
2018,Ohio,346.18,0.722,3.3,32.2,30.6
2018,Ohio State,984.3,0.603,30.9,42.9,12.8
2018,Oklahoma,843.79,0.408,25.5,49.8,24.2
2018,Oklahoma State,645.01,0.295,19.1,42.2,23.0
2018,Old Dominion,333.18,0.721,-16.8,16.3,32.8
2018,Ole Miss,734.0,0.622,11.6,38.9,28.8
2018,Oregon,695.81,0.658,9.1,35.0,25.1
2018,Oregon State,535.36,0.491,-12.6,28.8,39.9
2018,Penn State,834.24,0.589,26.0,41.5,14.9
2018,Pittsburgh,637.96,0.508,6.0,31.4,25.0
2018,Portland State,85.83,,,,
2018,Prairie View A&M,47.1,,,,
2018,Princeton,27.29,,,,
2018,Purdue,520.48,0.768,5.8,28.6,22.1
2018,Rhode Island,62.64,,,,
2018,Rice,375.12,0.601,-23.6,19.2,40.9
2018,Richmond,82.2,,,,
2018,Robert Morris,9.24,,,,
2018,Rutgers,555.24,0.476,-5.5,23.3,29.0
2018,SE Louisiana,135.64,,,,
2018,SMU,485.46,0.636,-2.9,35.4,37.4
2018,Sacramento State,20.45,,,,
2018,Sacred Heart,19.62,,,,
2018,Saint Francis,13.0,,,,
2018,Sam Houston,133.13,,,,
2018,Samford,84.29,,,,
2018,San Diego State,472.6,0.462,4.5,28.5,24.8
2018,San José State,430.62,0.986,-20.0,15.2,37.5
2018,South Alabama,394.24,0.647,-12.0,18.3,31.4
2018,South Carolina,749.98,0.887,7.8,28.4,19.7
2018,South Carolina State,27.01,,,,
2018,South Dakota,22.43,,,,
2018,South Dakota State,28.73,,,,
2018,South Florida,548.62,0.28,10.2,31.6,21.2
2018,Southeast Missouri State,69.85,,,,
2018,Southern,22.25,,,,
2018,Southern Illinois,108.59,,,,
2018,Southern Miss,387.32,0.436,-3.4,24.9,28.3
2018,Southern Utah,11.84,,,,
2018,Stanford,786.63,0.871,15.8,37.7,24.5
2018,Stephen F. Austin,46.25,,,,
2018,Stetson,13.33,,,,
2018,Stony Brook,106.51,,,,
2018,Syracuse,570.2,0.557,4.0,29.3,27.3
2018,TCU,671.88,0.405,18.9,35.7,18.7
2018,Temple,478.3,0.523,0.5,25.1,24.1
2018,Tennessee,826.98,0.66,1.2,25.8,25.7
2018,Tennessee State,82.27,,,,
2018,Tennessee Tech,27.77,,,,
2018,Texas,861.2,0.654,10.6,26.7,16.3
2018,Texas A&M,805.66,0.613,9.4,33.1,25.2
2018,Texas Southern,83.08,,,,
2018,Texas State,302.55,0.359,-23.5,14.7,36.9
2018,Texas Tech,561.59,0.156,4.8,34.4,28.3
2018,The Citadel,29.01,,,,
2018,Toledo,463.96,0.532,6.6,32.2,25.7
2018,Towson,83.58,,,,
2018,Troy,352.36,0.419,1.6,27.5,23.5
2018,Tulane,445.36,0.845,-5.7,28.5,35.0
2018,Tulsa,368.14,0.738,-10.7,27.3,37.8
2018,UAB,387.71,0.953,,,
2018,UAlbany,31.53,,,,
2018,UCF,568.35,0.779,14.1,40.5,26.9
2018,UCLA,754.31,0.338,4.9,39.3,34.5
2018,UConn,389.2,0.527,-19.2,22.4,40.7
2018,UL Monroe,326.66,0.806,-12.9,32.3,45.5
2018,UNLV,400.76,0.784,-14.5,26.2,39.8
2018,USC,933.65,0.294,17.9,38.5,20.0
2018,UT Martin,98.34,,,,
2018,UTEP,345.76,0.267,-27.4,12.8,38.7
2018,UTSA,405.2,0.046,-2.5,18.7,22.5
2018,Utah,594.6,0.519,12.0,30.6,20.5
2018,Utah State,377.39,0.689,-3.3,24.4,28.0
2018,VMI,11.9,,,,
2018,Vanderbilt,611.99,0.617,0.6,32.3,29.0
2018,Virginia,542.4,0.438,0.8,25.0,23.3
2018,Virginia Tech,675.71,0.691,14.3,27.8,14.4
2018,Wagner,32.77,,,,
2018,Wake Forest,525.48,0.355,10.5,35.7,25.1
2018,Washington,772.88,0.783,22.1,39.4,16.3
2018,Washington State,554.77,0.49,8.6,30.9,22.1
2018,Weber State,51.74,,,,
2018,West Virginia,646.91,0.656,5.6,33.6,27.2
2018,Western Carolina,35.54,,,,
2018,Western Illinois,66.84,,,,
2018,Western Kentucky,353.43,0.216,-4.9,25.5,30.0
2018,Western Michigan,442.29,0.795,-2.4,25.7,28.4
2018,William & Mary,28.69,,,,
2018,Wisconsin,653.5,0.856,26.8,37.4,11.6
2018,Wyoming,348.34,0.56,-2.5,19.7,23.1
2018,Yale,3.3,,,,
2018,Youngstown State,70.45,,,,
2019,Abilene Christian,46.84,,,,
2019,Air Force,151.86,0.639,-1.8,29.2,31.2
2019,Akron,312.81,0.87,-19.3,11.9,31.0
2019,Alabama,984.96,0.696,36.3,50.9,14.2
2019,Alabama A&M,13.54,,,,
2019,Alabama State,136.54,,,,
2019,Alcorn State,29.54,,,,
2019,App State,412.32,0.831,11.9,30.0,19.0
2019,Arizona,570.07,0.58,3.6,32.3,29.0
2019,Arizona State,686.44,0.403,5.0,33.9,30.4
2019,Arkansas,707.72,0.398,4.5,29.7,25.7
2019,Arkansas State,447.87,0.397,1.2,29.9,27.9
2019,Arkansas-Pine Bluff,29.07,,,,
2019,Army,265.19,0.644,-1.5,29.4,28.7
2019,Auburn,843.93,0.415,23.6,36.9,14.1
2019,Austin Peay,58.68,,,,
2019,BYU,560.78,0.746,6.2,28.9,22.3
2019,Ball State,327.92,0.532,-18.9,22.5,40.2
2019,Baylor,668.9,0.78,2.0,33.1,30.3
2019,Bethune-Cookman,60.9,,,,
2019,Boise State,561.42,0.332,12.2,37.1,22.8
2019,Boston College,564.95,0.666,2.4,26.5,22.1
2019,Bowling Green,315.44,0.324,-22.0,24.7,43.9
2019,Brown,9.44,,,,
2019,Bryant,6.3,,,,
2019,Buffalo,284.74,0.171,-1.1,31.3,29.9
2019,Butler,11.61,,,,
2019,Cal Poly,28.91,,,,
2019,California,611.58,0.55,3.9,18.3,15.6
2019,Campbell,96.7,,,,
2019,Central Arkansas,38.51,,,,
2019,Central Connecticut,8.93,,,,
2019,Central Michigan,416.63,0.117,-20.0,9.0,28.7
2019,Charleston Southern,32.36,,,,
2019,Charlotte,386.38,0.738,-18.5,15.0,33.5
2019,Chattanooga,155.43,,,,
2019,Cincinnati,576.61,0.823,5.4,28.3,22.6
2019,Clemson,863.03,0.813,29.7,43.0,12.6
2019,Coastal Carolina,305.73,0.565,-17.2,28.1,45.7
2019,Colorado,614.27,0.851,-0.7,27.0,27.2
2019,Colorado State,518.83,0.256,-10.3,27.6,36.7
2019,Delaware,77.11,,,,
2019,Delaware State,15.41,,,,
2019,Drake,11.1,,,,
2019,Duke,633.24,0.289,5.0,30.5,25.0
2019,Duquesne,129.11,,,,
2019,East Carolina,468.23,0.803,-14.9,18.3,34.2
2019,East Tennessee State,61.69,,,,
2019,Eastern Illinois,24.67,,,,
2019,Eastern Kentucky,86.14,,,,
2019,Eastern Michigan,317.49,0.648,-2.0,25.5,26.1
2019,Eastern Washington,14.8,,,,
2019,Elon,18.77,,,,
2019,Florida,835.68,0.857,23.0,38.6,17.4
2019,Florida A&M,69.36,,,,
2019,Florida Atlantic,524.02,0.522,-0.8,30.8,29.9
2019,Florida International,532.88,0.788,-7.4,26.7,34.7
2019,Florida State,878.07,0.526,1.4,25.0,22.8
2019,Fordham,38.15,,,,
2019,Fresno State,482.79,0.308,17.4,33.5,15.5
2019,Furman,24.31,,,,
2019,Gardner-Webb,14.72,,,,
2019,Georgetown,6.66,,,,
2019,Georgia,960.16,0.532,32.9,45.9,14.2
2019,Georgia Southern,411.8,0.749,-2.4,27.9,31.6
2019,Georgia State,369.05,0.723,-20.4,23.6,43.6
2019,Georgia Tech,629.1,0.471,0.3,33.0,33.9
2019,Grambling,67.45,,,,
2019,Hampton,104.67,,,,
2019,Hawai'i,420.99,0.715,-10.4,29.5,39.5
2019,Holy Cross,7.31,,,,
2019,Houston,597.62,0.884,2.3,36.7,34.9
2019,Houston Christian,26.8,,,,
2019,Idaho,87.17,,,,
2019,Idaho State,39.63,,,,
2019,Illinois,661.73,0.632,-7.9,29.1,38.6
2019,Illinois State,119.34,,,,
2019,Incarnate Word,47.36,,,,
2019,Indiana,603.81,0.82,1.6,30.2,29.1
2019,Indiana State,24.51,,,,
2019,Iowa,637.65,0.609,13.3,30.3,17.7
2019,Iowa State,597.15,0.574,7.9,29.9,21.5
2019,Jackson State,44.19,,,,
2019,Jacksonville,17.49,,,,
2019,Jacksonville State,108.58,,,,
2019,James Madison,110.76,,,,
2019,Kansas,528.62,0.416,-10.0,21.9,31.9
2019,Kansas State,543.49,0.533,-0.5,27.2,27.5
2019,Kennesaw State,86.45,,,,
2019,Kent State,313.22,0.924,-20.4,20.5,40.3
2019,Kentucky,672.74,0.602,13.1,29.5,16.3
2019,LSU,906.17,0.858,24.2,34.8,13.4
2019,Lamar,41.39,,,,
2019,Lehigh,13.9,,,,
2019,Liberty,153.48,0.849,-19.7,25.1,41.7
2019,Louisiana,406.49,0.665,-6.9,30.5,38.9
2019,Louisiana Tech,501.25,0.732,-6.9,22.0,27.0
2019,Louisville,645.84,0.82,-9.1,24.5,33.6
2019,Maine,30.23,,,,
2019,Marshall,489.63,0.676,1.0,22.0,20.5
2019,Maryland,703.94,0.724,3.0,27.6,25.9
2019,Massachusetts,358.88,0.32,-16.1,27.8,42.2
2019,McNeese,86.21,,,,
2019,Memphis,551.97,0.695,9.2,38.8,30.5
2019,Mercer,12.14,,,,
2019,Miami,815.12,0.487,12.7,29.3,15.8
2019,Miami (OH),359.14,0.357,-0.7,26.2,28.4
2019,Michigan,853.4,0.752,22.0,35.5,14.3
2019,Michigan State,688.74,0.929,11.5,22.0,10.8
2019,Middle Tennessee,450.79,0.414,-3.8,24.4,28.7
2019,Minnesota,621.36,1.004,6.3,28.2,22.8
2019,Mississippi State,732.68,0.547,23.2,34.6,10.5
2019,Mississippi Valley State,6.66,,,,
2019,Missouri,642.83,0.426,20.8,41.3,21.0
2019,Missouri State,44.24,,,,
2019,Monmouth,15.76,,,,
2019,Montana,65.83,,,,
2019,Montana State,120.95,,,,
2019,Morgan State,23.32,,,,
2019,Murray State,96.0,,,,
2019,NC State,668.85,0.131,9.4,35.1,26.7
2019,Navy,335.4,0.557,-10.2,27.5,38.3
2019,Nebraska,729.47,0.704,5.4,32.7,26.9
2019,Nevada,461.96,0.532,-0.5,27.5,28.0
2019,New Mexico,401.9,0.793,-9.5,23.8,35.7
2019,New Mexico State,269.79,0.702,-20.2,19.2,38.0
2019,Nicholls,155.75,,,,
2019,Norfolk State,52.48,,,,
2019,North Alabama,43.9,,,,
2019,North Carolina,697.75,0.515,-2.5,29.9,31.9
2019,North Carolina A&T,69.44,,,,
2019,North Carolina Central,43.62,,,,
2019,North Dakota,13.24,,,,
2019,North Dakota State,50.79,,,,
2019,North Texas,457.24,0.84,2.1,29.2,29.5
2019,Northern Arizona,35.0,,,,
2019,Northern Colorado,13.41,,,,
2019,Northern Illinois,397.98,0.594,-2.7,19.1,20.8
2019,Northern Iowa,37.29,,,,
2019,Northwestern,612.62,0.359,1.9,25.5,21.6
2019,Northwestern State,67.5,,,,
2019,Notre Dame,843.29,0.659,20.7,34.6,14.5
2019,Ohio,337.17,0.459,4.0,38.2,35.0
2019,Ohio State,973.56,0.281,24.1,44.4,21.2
2019,Oklahoma,869.53,0.363,24.9,54.0,30.0
2019,Oklahoma State,644.42,0.438,13.8,42.0,28.9
2019,Old Dominion,374.74,0.279,-14.1,24.9,39.7
2019,Ole Miss,717.92,0.283,9.8,42.1,31.2
2019,Oregon,817.7,0.735,7.3,34.7,25.8
2019,Oregon State,595.5,0.771,-16.0,28.8,43.4
2019,Penn State,857.34,0.401,19.0,33.9,14.6
2019,Pittsburgh,637.95,0.51,2.7,29.0,26.6
2019,Portland State,30.88,,,,
2019,Prairie View A&M,42.01,,,,
2019,Princeton,27.29,,,,
2019,Purdue,607.4,0.414,6.5,37.2,30.8
2019,Rhode Island,15.55,,,,
2019,Rice,397.04,0.448,-26.4,15.0,42.5
2019,Richmond,95.66,,,,
2019,Robert Morris,26.82,,,,
2019,Rutgers,587.28,0.1,-12.3,15.0,28.5
2019,SE Louisiana,178.38,,,,
2019,SMU,565.15,0.755,-5.4,24.0,29.7
2019,Sacramento State,18.35,,,,
2019,Sacred Heart,15.08,,,,
2019,Saint Francis,13.03,,,,
2019,Sam Houston,184.58,,,,
2019,Samford,97.76,,,,
2019,San Diego State,504.19,0.588,6.0,25.6,21.0
2019,San José State,433.33,0.545,-17.1,17.3,34.7
2019,South Alabama,381.38,0.249,-17.7,24.5,42.0
2019,South Carolina,762.68,0.717,14.9,36.4,23.6
2019,South Carolina State,32.5,,,,
2019,South Dakota,42.81,,,,
2019,South Dakota State,17.26,,,,
2019,South Florida,559.66,0.743,-1.2,29.1,29.8
2019,Southeast Missouri State,83.35,,,,
2019,Southern,52.19,,,,
2019,Southern Illinois,69.8,,,,
2019,Southern Miss,456.29,1.042,-5.0,16.6,21.4
2019,Southern Utah,35.09,,,,
2019,Stanford,787.59,0.597,13.0,35.4,24.3
2019,Stephen F. Austin,91.75,,,,
2019,Stony Brook,66.41,,,,
2019,Syracuse,574.82,0.377,7.5,32.1,27.4
2019,TCU,691.63,0.693,6.9,25.7,16.9
2019,Temple,489.03,0.567,2.9,28.1,23.9
2019,Tennessee,830.34,0.865,5.5,33.4,28.9
2019,Tennessee State,92.64,,,,
2019,Tennessee Tech,41.07,,,,
2019,Texas,877.91,0.708,11.3,35.3,24.4
2019,Texas A&M,848.89,0.648,21.6,40.3,19.8
2019,Texas Southern,40.03,,,,
2019,Texas State,348.47,0.409,-16.4,14.9,29.0
2019,Texas Tech,577.21,0.579,8.7,36.2,29.8
2019,Toledo,451.43,0.564,2.0,35.2,34.4
2019,Towson,135.03,,,,
2019,Troy,388.67,0.474,2.6,26.4,25.6
2019,Tulane,486.98,0.61,-3.5,23.8,28.3
2019,Tulsa,424.54,0.725,-11.2,22.9,32.3
2019,UAB,441.81,0.346,-0.3,24.1,24.4
2019,UAlbany,40.43,,,,
2019,UCF,598.57,0.811,16.5,39.9,25.2
2019,UCLA,741.4,0.551,-0.4,30.7,32.4
2019,UConn,412.55,0.027,-26.4,24.7,51.9
2019,UL Monroe,346.03,0.638,-10.9,26.5,35.4
2019,UNLV,462.72,0.804,-11.1,30.7,38.9
2019,USC,915.56,0.856,9.7,31.7,22.5
2019,UT Martin,93.72,,,,
2019,UTEP,355.31,0.278,-26.6,12.1,37.1
2019,UTSA,471.36,0.387,-22.1,11.1,34.4
2019,Utah,620.35,0.953,16.8,31.9,18.1
2019,Utah State,424.16,0.551,14.2,36.3,22.5
2019,Vanderbilt,605.06,0.593,7.6,35.6,27.1
2019,Virginia,580.28,0.666,7.1,29.7,22.0
2019,Virginia Tech,696.39,0.746,3.9,32.8,29.4
2019,Wagner,17.91,,,,
2019,Wake Forest,563.24,0.678,3.6,31.2,28.1
2019,Washington,801.33,0.525,19.9,34.5,12.7
2019,Washington State,556.27,0.42,11.3,38.8,27.3
2019,Weber State,53.55,,,,
2019,West Virginia,639.11,0.269,13.2,41.1,29.2
2019,Western Carolina,8.58,,,,
2019,Western Illinois,70.98,,,,
2019,Western Kentucky,486.97,0.757,-16.1,17.9,31.8
2019,Western Michigan,452.05,0.709,-10.7,29.8,37.4
2019,William & Mary,70.28,,,,
2019,Wisconsin,675.8,0.707,15.5,39.3,21.6
2019,Wofford,7.83,,,,
2019,Wyoming,397.9,0.518,1.9,25.1,23.7
2019,Youngstown State,67.72,,,,
2020,Abilene Christian,79.83,,,,
2020,Air Force,71.92,0.243,12.1,36.2,25.8
2020,Akron,232.81,1.511,-29.8,7.7,35.3
2020,Alabama,985.86,0.501,32.4,47.7,14.6
2020,Alabama A&M,52.37,,,,
2020,Alabama State,136.54,,,,
2020,Alcorn State,29.54,,,,
2020,App State,382.58,0.804,11.3,34.3,23.2
2020,Arizona,526.23,0.64,-8.0,30.1,36.1
2020,Arizona State,743.24,0.596,6.3,28.0,23.7
2020,Arkansas,719.15,0.667,-10.6,21.7,32.3
2020,Arkansas State,389.49,0.633,-2.9,30.1,34.2
2020,Arkansas-Pine Bluff,15.35,,,,
2020,Army,152.03,0.654,-2.1,28.6,30.4
2020,Auburn,844.78,0.73,21.0,33.9,14.9
2020,Austin Peay,149.28,,,,
2020,BYU,510.95,0.669,1.3,28.6,26.2
2020,Ball State,257.94,0.763,-4.5,29.5,32.6
2020,Baylor,642.13,0.791,17.8,34.7,17.3
2020,Bethune-Cookman,76.68,,,,
2020,Boise State,571.21,0.693,8.1,32.9,25.0
2020,Boston College,602.69,0.465,-5.7,31.3,35.4
2020,Bowling Green,215.06,0.829,-27.5,14.9,39.5
2020,Brown,9.44,,,,
2020,Bryant,6.3,,,,
2020,Buffalo,252.86,0.998,-2.0,25.0,24.6
2020,Cal Poly,25.44,,,,
2020,California,599.17,0.887,-2.6,23.8,24.7
2020,Campbell,93.73,,,,
2020,Central Arkansas,24.08,,,,
2020,Central Connecticut,8.93,,,,
2020,Central Michigan,350.35,0.888,-4.4,26.0,29.0
2020,Charlotte,462.29,0.836,-6.3,29.9,35.1
2020,Chattanooga,150.93,,,,
2020,Cincinnati,600.61,0.673,9.1,29.1,21.1
2020,Clemson,915.57,0.764,28.1,43.5,14.6
2020,Coastal Carolina,213.39,0.798,-12.8,23.4,35.3
2020,Colorado,630.39,0.258,-4.1,30.1,34.7
2020,Colorado State,446.94,0.773,-3.9,26.1,30.1
2020,Delaware,29.77,,,,
2020,Duke,617.12,0.377,-1.8,19.7,23.0
2020,Duquesne,42.21,,,,
2020,East Carolina,528.47,1.001,-14.0,24.0,38.1
2020,East Tennessee State,60.39,,,,
2020,Eastern Illinois,25.8,,,,
2020,Eastern Kentucky,148.05,,,,
2020,Eastern Michigan,246.82,0.364,-8.6,29.3,37.8
2020,Eastern Washington,30.41,,,,
2020,Elon,55.95,,,,
2020,Florida,809.32,0.572,24.0,37.8,15.5
2020,Florida A&M,102.58,,,,
2020,Florida Atlantic,488.99,0.272,-0.6,28.6,29.5
2020,Florida International,480.5,0.178,-7.0,22.0,29.4
2020,Florida State,832.59,0.623,1.8,30.2,27.1
2020,Fordham,22.86,,,,
2020,Fresno State,440.1,0.472,-4.0,30.6,33.6
2020,Furman,30.39,,,,
2020,Gardner-Webb,28.16,,,,
2020,Georgia,990.47,0.356,26.8,34.2,10.0
2020,Georgia Southern,335.43,0.818,-4.5,22.2,27.4
2020,Georgia State,333.22,0.427,-10.5,29.4,38.4
2020,Georgia Tech,684.42,0.994,-12.0,18.8,28.9
2020,Grambling,95.67,,,,
2020,Hampton,33.45,,,,
2020,Hawai'i,393.56,0.481,-1.9,34.7,35.8
2020,Houston,608.28,0.784,-4.3,29.6,35.4
2020,Houston Christian,26.8,,,,
2020,Idaho,47.38,,,,
2020,Idaho State,32.78,,,,
2020,Illinois,644.09,0.836,0.6,24.4,25.8
2020,Illinois State,67.52,,,,
2020,Incarnate Word,81.78,,,,
2020,Indiana,611.17,0.593,12.8,35.6,23.8
2020,Indiana State,22.02,,,,
2020,Iowa,631.81,0.581,16.7,30.0,15.2
2020,Iowa State,602.96,0.754,12.6,31.8,19.5
2020,Jacksonville,17.49,,,,
2020,James Madison,118.89,,,,
2020,Kansas,546.08,0.431,-9.8,26.2,34.8
2020,Kansas State,560.96,0.754,6.0,28.8,24.8
2020,Kennesaw State,16.24,,,,
2020,Kent State,270.29,0.803,-10.2,25.9,37.9
2020,Kentucky,716.65,0.52,9.1,30.1,22.2
2020,LSU,873.23,0.252,33.1,48.9,17.7
2020,Lamar,13.33,,,,
2020,Liberty,158.93,0.316,-2.6,29.3,32.0
2020,Louisiana,378.95,0.729,9.6,36.7,28.3
2020,Louisiana Tech,467.46,0.46,0.2,25.3,25.0
2020,Louisville,621.82,0.912,0.2,34.6,33.6
2020,Maine,72.07,,,,
2020,Marshall,408.98,0.515,-1.9,23.8,26.6
2020,Maryland,646.29,0.638,-6.3,26.3,30.3
2020,Massachusetts,246.83,-0.056,-34.6,15.3,49.3
2020,Memphis,587.17,0.743,18.0,39.5,23.4
2020,Mercer,25.92,,,,
2020,Miami,822.41,0.554,9.6,26.0,15.6
2020,Miami (OH),259.14,0.794,-9.2,19.8,30.0
2020,Michigan,832.65,0.4,20.7,35.7,16.0
2020,Michigan State,673.43,0.149,7.2,24.4,16.1
2020,Middle Tennessee,405.4,0.779,-11.3,27.2,37.4
2020,Minnesota,594.7,0.727,19.4,39.8,19.6
2020,Mississippi State,739.3,0.495,3.5,33.1,28.7
2020,Missouri,627.24,0.292,7.8,24.5,17.1
2020,Missouri State,85.24,,,,
2020,Monmouth,28.91,,,,
2020,Montana,53.39,,,,
2020,Montana State,76.41,,,,
2020,Morgan State,3.8,,,,
2020,Murray State,44.74,,,,
2020,NC State,680.31,0.6,-6.3,22.0,29.7
2020,Navy,266.19,0.491,9.9,36.0,25.5
2020,Nebraska,733.39,0.624,2.6,32.2,27.4
2020,Nevada,400.84,0.748,-12.3,19.4,31.9
2020,New Hampshire,7.81,,,,
2020,New Mexico,340.16,0.626,-17.0,20.6,39.2
2020,New Mexico State,143.36,0.236,-22.0,19.0,40.3
2020,Norfolk State,52.48,,,,
2020,North Alabama,46.88,,,,
2020,North Carolina,740.19,0.939,10.3,35.1,24.6
2020,North Carolina A&T,116.79,,,,
2020,North Carolina Central,43.62,,,,
2020,North Dakota State,61.62,,,,
2020,North Texas,415.68,0.493,-6.1,25.0,32.6
2020,Northern Arizona,41.84,,,,
2020,Northern Colorado,31.63,,,,
2020,Northern Illinois,262.67,0.603,-13.9,20.7,34.2
2020,Northern Iowa,30.66,,,,
2020,Northwestern,629.84,0.841,-5.5,16.5,20.0
2020,Northwestern State,23.16,,,,
2020,Notre Dame,866.21,0.591,17.7,35.8,18.5
2020,Ohio,304.79,0.536,3.7,35.9,33.5
2020,Ohio State,976.48,0.623,35.4,44.4,10.6
2020,Oklahoma,866.36,0.278,22.9,46.1,24.9
2020,Oklahoma State,639.23,0.868,8.7,35.0,26.2
2020,Old Dominion,350.91,0.807,-24.4,10.6,34.3
2020,Ole Miss,702.2,0.899,2.9,28.6,23.8
2020,Oregon,816.74,0.489,19.0,35.6,15.5
2020,Oregon State,616.25,0.314,-0.7,33.8,32.8
2020,Penn State,850.7,0.792,24.3,37.5,15.7
2020,Pittsburgh,653.05,0.738,4.1,20.4,16.0
2020,Portland State,55.65,,,,
2020,Prairie View A&M,91.02,,,,
2020,Purdue,644.03,0.819,-0.7,30.8,31.0
2020,Rhode Island,28.5,,,,
2020,Rice,358.95,0.751,-18.0,15.1,33.2
2020,Richmond,49.75,,,,
2020,Robert Morris,26.82,,,,
2020,Rutgers,588.56,0.878,-14.6,17.4,31.8
2020,SE Louisiana,58.98,,,,
2020,SMU,604.59,0.674,4.4,34.6,28.3
2020,Sacramento State,30.24,,,,
2020,Sacred Heart,14.46,,,,
2020,Saint Francis,8.83,,,,
2020,Sam Houston,81.65,,,,
2020,Samford,70.54,,,,
2020,San Diego State,454.6,0.629,2.0,16.6,16.6
2020,San José State,397.99,0.542,-7.2,29.6,36.7
2020,South Alabama,265.69,0.646,-20.3,16.3,34.0
2020,South Carolina,771.64,0.417,4.8,23.4,20.8
2020,South Carolina State,32.5,,,,
2020,South Dakota,26.27,,,,
2020,South Florida,538.18,0.615,-9.8,20.4,27.4
2020,Southeast Missouri State,41.44,,,,
2020,Southern,22.17,,,,
2020,Southern Illinois,96.82,,,,
2020,Southern Miss,401.05,0.575,-4.8,23.6,27.7
2020,Stanford,801.6,0.678,-4.7,27.2,32.2
2020,Stephen F. Austin,99.93,,,,
2020,Stony Brook,68.32,,,,
2020,Syracuse,578.28,0.551,-3.0,24.5,29.6
2020,TCU,712.31,0.726,6.7,28.8,22.9
2020,Temple,482.14,0.777,3.2,24.6,20.8
2020,Tennessee,844.16,0.543,10.8,27.8,17.4
2020,Tennessee State,80.11,,,,
2020,Tennessee Tech,25.67,,,,
2020,Texas,892.91,0.702,12.0,38.7,28.5
2020,Texas A&M,875.1,0.803,15.0,34.0,19.4
2020,Texas Southern,143.43,,,,
2020,Texas State,382.6,0.737,-16.2,17.6,33.0
2020,Texas Tech,619.6,0.531,2.7,32.5,31.2
2020,The Citadel,23.94,,,,
2020,Toledo,391.54,0.609,-13.7,25.6,38.4
2020,Towson,142.39,,,,
2020,Troy,323.67,0.61,-4.4,32.2,35.4
2020,Tulane,526.19,0.496,7.5,33.1,25.9
2020,Tulsa,470.03,0.869,-2.5,24.6,25.2
2020,UAB,383.56,0.856,-1.4,18.3,20.2
2020,UAlbany,30.44,,,,
2020,UC Davis,50.8,,,,
2020,UCF,593.07,0.764,19.1,37.3,18.1
2020,UCLA,660.71,0.736,-3.9,28.4,32.5
2020,UConn,347.5,0.79,-24.4,16.2,39.7
2020,UL Monroe,286.74,0.37,-10.7,31.5,40.8
2020,UNLV,447.31,0.998,-17.4,19.3,36.1
2020,USC,853.16,0.826,13.1,39.0,26.7
2020,UT Martin,72.15,,,,
2020,UTEP,297.36,0.265,-25.6,18.0,43.5
2020,UTSA,458.03,0.839,-23.7,18.9,41.7
2020,Utah,649.86,0.386,19.5,36.5,17.0
2020,Utah State,400.78,0.256,-4.3,26.2,31.0
2020,Vanderbilt,607.68,0.238,-10.4,21.8,33.6
2020,Virginia,588.54,0.265,6.3,30.4,25.2
2020,Virginia Tech,670.7,0.622,8.0,29.9,23.3
2020,Wagner,20.43,,,,
2020,Wake Forest,577.3,0.36,2.0,29.4,28.6
2020,Washington,815.23,0.275,18.3,35.3,19.5
2020,Washington State,516.96,0.456,11.1,41.7,33.1
2020,Weber State,66.96,,,,
2020,West Virginia,631.27,0.877,-7.0,22.9,29.1
2020,Western Carolina,12.53,,,,
2020,Western Illinois,53.01,,,,
2020,Western Kentucky,447.91,0.316,1.7,23.6,21.1
2020,Western Michigan,382.78,0.345,-4.9,29.6,32.5
2020,William & Mary,12.39,,,,
2020,Wisconsin,676.48,0.686,20.3,37.7,16.4
2020,Wofford,7.83,,,,
2020,Wyoming,352.91,0.751,-1.1,20.5,21.7
2020,Yale,7.81,,,,
2020,Youngstown State,35.85,,,,
2021,Abilene Christian,96.46,,,,
2021,Air Force,30.32,0.77,-5.6,24.1,29.8
2021,Akron,330.97,0.63,-23.7,11.4,35.1
2021,Alabama,1004.04,0.192,28.3,46.8,18.6
2021,Alabama A&M,49.54,,,,
2021,Alcorn State,71.95,,,,
2021,App State,450.04,0.654,10.3,33.0,22.6
2021,Arizona,567.61,0.484,-3.5,32.8,36.4
2021,Arizona State,734.45,0.976,11.4,30.2,18.9
2021,Arkansas,722.84,0.505,1.6,28.5,26.7
2021,Arkansas State,475.74,0.696,-6.5,31.1,37.2
2021,Arkansas-Pine Bluff,15.35,,,,
2021,Army,111.53,0.861,2.7,27.8,25.3
2021,Auburn,840.38,0.605,12.6,33.0,20.7
2021,Austin Peay,87.48,,,,
2021,BYU,443.13,0.48,19.2,39.2,20.3
2021,Ball State,338.31,0.799,-6.7,27.0,33.8
2021,Baylor,660.65,0.619,1.3,25.6,24.2
2021,Bethune-Cookman,70.64,,,,
2021,Boise State,557.69,0.964,6.7,33.1,26.4
2021,Boston College,636.46,0.876,0.9,30.7,29.7
2021,Bowling Green,380.74,0.331,-26.2,12.8,39.0
2021,Brown,9.44,,,,
2021,Bryant,14.59,,,,
2021,Buffalo,267.09,0.479,1.4,27.1,25.6
2021,Cal Poly,80.3,,,,
2021,California,662.11,0.977,2.4,30.6,28.2
2021,Campbell,108.65,,,,
2021,Central Arkansas,68.32,,,,
2021,Central Michigan,268.89,0.772,-1.8,25.6,27.4
2021,Charleston Southern,34.78,,,,
2021,Charlotte,462.67,0.856,-6.6,29.4,35.8
2021,Chattanooga,193.46,,,,
2021,Cincinnati,626.54,0.855,18.6,34.5,15.9
2021,Clemson,935.08,0.261,26.1,42.6,16.7
2021,Coastal Carolina,415.91,0.842,6.6,33.7,27.3
2021,Colorado,640.85,0.758,-0.4,30.1,30.4
2021,Colorado State,443.16,0.546,-6.5,24.2,30.5
2021,Delaware,29.77,,,,
2021,Duke,605.57,0.682,-4.2,21.4,25.5
2021,Duquesne,77.09,,,,
2021,East Carolina,516.06,1.001,-11.0,26.0,37.1
2021,East Tennessee State,49.58,,,,
2021,Eastern Illinois,87.86,,,,
2021,Eastern Kentucky,222.5,,,,
2021,Eastern Michigan,340.6,0.895,-12.2,28.3,40.5
2021,Eastern Washington,57.26,,,,
2021,Elon,43.03,,,,
2021,Florida,885.67,0.27,19.8,43.3,23.9
2021,Florida A&M,127.97,,,,
2021,Florida Atlantic,553.28,0.977,-0.3,23.2,23.7
2021,Florida International,520.69,1.6,-10.7,21.6,32.4
2021,Florida State,769.76,0.85,-4.9,26.4,31.3
2021,Fordham,22.86,,,,
2021,Fresno State,483.77,0.965,-5.5,29.3,34.8
2021,Furman,39.37,,,,
2021,Gardner-Webb,58.53,,,,
2021,Georgia,1001.79,0.97,19.1,30.8,12.1
2021,Georgia Southern,383.76,0.48,0.2,27.4,27.1
2021,Georgia State,413.91,1.002,-5.7,28.7,34.2
2021,Georgia Tech,707.35,0.829,-1.0,27.2,27.8
2021,Hampton,33.45,,,,
2021,Hawai'i,397.43,0.759,-7.1,28.2,35.2
2021,Houston,571.21,0.668,3.3,32.2,29.0
2021,Houston Christian,5.41,,,,
2021,Idaho,122.44,,,,
2021,Idaho State,71.55,,,,
2021,Illinois,630.16,0.912,-5.4,23.9,29.4
2021,Illinois State,51.04,,,,
2021,Incarnate Word,54.6,,,,
2021,Indiana,664.25,0.878,11.2,33.6,22.6
2021,Indiana State,45.15,,,,
2021,Iowa,657.39,0.624,16.3,29.7,13.5
2021,Iowa State,613.6,0.935,13.3,34.5,21.1
2021,Jackson State,173.86,,,,
2021,Jacksonville,17.49,,,,
2021,Jacksonville State,155.11,,,,
2021,James Madison,102.89,,,,
2021,Kansas,548.1,0.817,-16.3,18.5,34.5
2021,Kansas State,569.65,0.91,2.0,26.7,24.7
2021,Kennesaw State,36.62,,,,
2021,Kent State,357.85,0.903,-7.5,29.1,36.4
2021,Kentucky,709.07,0.386,2.2,25.9,24.1
2021,LSU,903.72,0.602,6.0,33.8,28.3
2021,Lafayette,22.41,,,,
2021,Lehigh,36.97,,,,
2021,Liberty,154.75,0.9,6.5,34.2,27.6
2021,Louisiana,435.63,0.707,8.1,33.8,25.6
2021,Louisiana Tech,520.48,0.699,-7.0,24.4,31.4
2021,Louisville,607.77,0.726,6.5,37.7,31.1
2021,Maine,95.0,,,,
2021,Marshall,456.97,0.698,9.5,28.6,19.0
2021,Maryland,705.79,0.654,-0.1,27.8,28.0
2021,Massachusetts,227.21,-3.1,-31.3,16.7,47.8
2021,McNeese,182.46,,,,
2021,Memphis,572.13,0.362,5.7,34.8,29.4
2021,Mercer,23.81,,,,
2021,Miami,841.45,0.835,12.8,32.6,20.2
2021,Miami (OH),378.03,0.935,-12.9,20.7,33.6
2021,Michigan,832.6,0.536,10.7,33.0,22.2
2021,Michigan State,677.07,0.571,-2.4,18.3,20.6
2021,Middle Tennessee,494.02,0.576,-11.7,24.3,35.8
2021,Minnesota,653.25,0.811,4.7,35.8,30.7
2021,Mississippi State,716.17,0.668,-1.4,25.4,26.9
2021,Missouri,647.74,0.742,-1.0,23.4,24.6
2021,Missouri State,205.25,,,,
2021,Monmouth,13.17,,,,
2021,Montana,94.99,,,,
2021,Montana State,92.72,,,,
2021,Morgan State,44.52,,,,
2021,Murray State,104.85,,,,
2021,NC State,700.36,0.656,0.0,29.8,30.0
2021,Navy,127.63,0.326,-9.3,26.2,35.4
2021,Nebraska,743.7,0.611,7.7,33.7,25.9
2021,Nevada,421.64,0.982,1.9,27.5,25.6
2021,New Hampshire,7.81,,,,
2021,New Mexico,360.77,0.891,-15.0,24.4,39.3
2021,New Mexico State,117.43,1.7,-31.5,12.2,43.8
2021,Nicholls,189.98,,,,
2021,North Alabama,123.39,,,,
2021,North Carolina,798.29,0.505,18.0,43.7,25.6
2021,North Carolina A&T,132.73,,,,
2021,North Carolina Central,80.58,,,,
2021,North Dakota State,50.33,,,,
2021,North Texas,496.31,0.499,-8.0,28.9,36.7
2021,Northern Arizona,115.62,,,,
2021,Northern Colorado,156.11,,,,
2021,Northern Illinois,354.21,0.539,-18.4,16.0,34.5
2021,Northern Iowa,108.66,,,,
2021,Northwestern,648.79,0.14,9.0,24.0,15.2
2021,Northwestern State,126.22,,,,
2021,Notre Dame,853.1,0.369,21.0,38.3,17.3
2021,Ohio,332.25,0.931,-3.2,29.9,33.0
2021,Ohio State,985.09,0.47,28.4,45.3,16.7
2021,Oklahoma,895.38,0.721,17.8,43.0,25.2
2021,Oklahoma State,613.69,0.511,14.2,30.7,16.7
2021,Old Dominion,409.31,,-15.9,14.0,29.9
2021,Ole Miss,732.02,0.831,4.8,38.1,33.2
2021,Oregon,885.75,0.522,18.1,35.1,16.9
2021,Oregon State,640.66,0.851,-0.7,29.4,30.0
2021,Penn State,820.72,0.843,13.9,35.0,21.0
2021,Pittsburgh,668.67,0.854,6.0,24.7,18.9
2021,Portland State,81.34,,,,
2021,Prairie View A&M,56.79,,,,
2021,Purdue,644.23,0.904,5.9,32.6,26.8
2021,Rhode Island,127.52,,,,
2021,Rice,419.65,0.342,-9.2,17.3,26.5
2021,Richmond,35.81,,,,
2021,Rutgers,573.14,0.933,-10.5,20.8,31.5
2021,SE Louisiana,231.02,,,,
2021,SMU,576.03,0.457,9.2,36.4,27.3
2021,Sacramento State,71.2,,,,
2021,Sacred Heart,24.95,,,,
2021,Saint Francis,7.3,,,,
2021,Sam Houston,111.5,,,,
2021,Samford,70.11,,,,
2021,San Diego,37.37,,,,
2021,San Diego State,441.63,0.858,5.3,20.2,15.0
2021,San José State,410.81,0.743,0.1,30.4,30.4
2021,South Alabama,415.07,0.776,-11.3,22.5,33.7
2021,South Carolina,747.88,0.66,-2.4,27.5,29.7
2021,South Dakota,46.05,,,,
2021,South Dakota State,13.27,,,,
2021,South Florida,540.51,0.924,-11.4,18.2,29.5
2021,Southeast Missouri State,26.12,,,,
2021,Southern,120.88,,,,
2021,Southern Illinois,107.83,,,,
2021,Southern Miss,465.94,0.483,-7.9,24.2,32.1
2021,Stanford,745.3,0.403,1.6,30.0,28.4
2021,Stephen F. Austin,115.81,,,,
2021,Stetson,14.06,,,,
2021,Stony Brook,80.27,,,,
2021,Syracuse,567.19,0.852,-9.8,20.2,30.3
2021,TCU,698.52,0.842,1.6,24.3,22.8
2021,Tarleton State,18.04,,,,
2021,Temple,501.4,0.453,-10.0,23.3,33.0
2021,Tennessee,780.83,0.31,0.9,24.3,23.6
2021,Tennessee State,88.82,,,,
2021,Tennessee Tech,19.2,,,,
2021,Texas,874.19,0.441,9.7,34.8,25.2
2021,Texas A&M,888.35,0.629,16.2,37.7,21.5
2021,Texas Southern,62.7,,,,
2021,Texas State,428.48,0.882,-13.4,23.5,36.9
2021,Texas Tech,607.1,0.629,-4.2,28.4,32.3
2021,The Citadel,23.94,,,,
2021,Toledo,465.4,0.708,-3.6,29.5,33.0
2021,Towson,130.7,,,,
2021,Troy,448.77,0.544,2.3,28.4,25.8
2021,Tulane,463.02,0.875,4.2,33.2,29.1
2021,Tulsa,470.49,0.735,5.6,29.5,23.5
2021,UAB,444.37,0.63,6.3,24.7,18.7
2021,UAlbany,24.67,,,,
2021,UC Davis,51.38,,,,
2021,UCF,639.06,0.626,13.6,39.4,25.7
2021,UCLA,746.02,0.853,-1.1,30.6,31.7
2021,UConn,331.9,,-22.3,17.7,40.0
2021,UL Monroe,312.31,0.913,-18.4,21.6,39.6
2021,UNLV,392.44,0.604,-19.7,22.0,41.5
2021,USC,874.5,0.709,12.4,38.0,25.5
2021,UT Martin,149.55,,,,
2021,UTEP,318.65,1.051,-18.6,17.9,36.2
2021,UTSA,508.77,0.949,-9.6,23.8,33.7
2021,Utah,707.72,0.368,11.9,36.1,24.3
2021,Utah State,394.37,0.907,-16.7,20.2,37.0
2021,Valparaiso,14.28,,,,
2021,Vanderbilt,609.82,1.056,-16.8,17.7,34.1
2021,Virginia,619.61,0.892,0.9,28.3,27.5
2021,Virginia Tech,663.78,0.565,13.7,38.0,24.4
2021,Wagner,21.98,,,,
2021,Wake Forest,589.19,0.919,0.8,28.6,27.9
2021,Washington,789.51,0.83,11.7,30.9,19.1
2021,Washington State,601.16,0.784,4.2,37.8,33.7
2021,Weber State,116.62,,,,
2021,West Virginia,611.29,0.91,8.5,27.9,19.4
2021,Western Carolina,57.52,,,,
2021,Western Illinois,82.24,,,,
2021,Western Kentucky,524.97,0.506,-3.2,18.9,22.3
2021,Western Michigan,396.47,0.821,0.6,31.6,31.2
2021,William & Mary,38.56,,,,
2021,Wisconsin,750.89,0.808,26.5,38.7,12.2
2021,Wofford,7.83,,,,
2021,Wyoming,326.65,0.853,-2.5,22.4,24.9
2021,Yale,24.05,,,,
2021,Youngstown State,90.76,,,,
2022,Abilene Christian,260.16,,,,
2022,Air Force,0.0,0.733,7.4,30.0,22.0
2022,Akron,456.15,0.203,-23.1,20.3,41.7
2022,Alabama,1016.79,0.552,26.0,40.9,15.6
2022,Alabama A&M,293.63,,,,
2022,Alabama State,208.22,,,,
2022,Alcorn State,62.59,,,,
2022,App State,456.66,0.555,10.3,32.0,23.5
2022,Arizona,652.06,0.563,-12.6,19.2,32.3
2022,Arizona State,670.18,0.139,11.8,33.5,20.9
2022,Arkansas,741.06,0.681,13.8,34.3,21.3
2022,Arkansas State,471.65,0.203,-17.9,21.0,40.0
2022,Arkansas-Pine Bluff,20.54,,,,
2022,Army,17.27,0.618,4.7,28.8,23.5
2022,Auburn,783.87,0.452,11.0,30.2,19.8
2022,Austin Peay,121.11,,,,
2022,BYU,415.19,0.619,8.9,37.2,27.9
2022,Ball State,345.29,0.37,-11.2,21.6,33.7
2022,Baylor,666.05,0.209,15.6,33.1,17.1
2022,Bethune-Cookman,205.68,,,,
2022,Boise State,533.92,0.648,9.4,28.4,20.8
2022,Boston College,664.63,0.636,0.9,27.0,26.5
2022,Bowling Green,415.08,1.038,-12.4,17.1,29.8
2022,Bryant,14.59,,,,
2022,Buffalo,370.96,0.344,-9.5,24.6,33.1
2022,Cal Poly,55.91,,,,
2022,California,653.31,0.211,3.4,27.5,25.0
2022,Campbell,124.16,,,,
2022,Central Arkansas,82.3,,,,
2022,Central Connecticut,11.33,,,,
2022,Central Michigan,384.48,0.67,-1.0,28.5,29.3
2022,Charleston Southern,28.1,,,,
2022,Charlotte,487.24,0.838,-13.7,27.6,41.2
2022,Chattanooga,237.41,,,,
2022,Cincinnati,650.89,0.272,21.2,37.5,15.9
2022,Clemson,943.0,0.458,18.7,28.3,11.6
2022,Coastal Carolina,446.58,0.578,13.2,39.5,26.1
2022,Colgate,14.43,,,,
2022,Colorado,616.28,0.694,-10.0,18.8,29.6
2022,Colorado State,431.38,0.277,-2.4,23.3,25.9
2022,Delaware,39.14,,,,
2022,Duke,603.98,0.376,-13.5,23.4,36.3
2022,Duquesne,94.04,,,,
2022,East Carolina,494.82,0.747,0.5,27.4,28.3
2022,East Tennessee State,74.98,,,,
2022,Eastern Illinois,55.8,,,,
2022,Eastern Kentucky,224.82,,,,
2022,Eastern Michigan,404.1,0.504,-7.8,27.2,37.2
2022,Eastern Washington,73.36,,,,
2022,Elon,64.96,,,,
2022,Florida,856.95,0.31,11.0,35.0,23.2
2022,Florida A&M,223.82,,,,
2022,Florida Atlantic,550.51,0.825,-5.2,23.1,28.4
2022,Florida International,459.71,0.444,-21.6,19.9,40.2
2022,Florida State,780.76,0.738,7.6,29.8,23.0
2022,Fordham,32.71,,,,
2022,Fresno State,502.26,0.86,10.8,34.7,24.2
2022,Furman,67.63,,,,
2022,Gardner-Webb,19.68,,,,
2022,Georgia,989.76,0.683,32.0,41.4,10.3
2022,Georgia Southern,414.14,0.695,-15.3,18.4,34.0
2022,Georgia State,471.84,0.841,1.8,27.5,26.7
2022,Georgia Tech,715.48,0.629,-6.7,27.0,32.4
2022,Grambling,221.26,,,,
2022,Hampton,69.24,,,,
2022,Hawai'i,419.54,0.243,-2.3,27.1,30.1
2022,Houston,629.12,0.77,10.9,31.5,20.0
2022,Houston Christian,5.41,,,,
2022,Idaho,82.22,,,,
2022,Idaho State,37.08,,,,
2022,Illinois,631.46,0.55,4.3,23.2,21.8
2022,Illinois State,92.75,,,,
2022,Incarnate Word,40.89,,,,
2022,Indiana,680.74,0.245,-7.8,20.4,27.3
2022,Indiana State,70.29,,,,
2022,Iowa,681.98,0.919,11.4,23.6,14.4
2022,Iowa State,590.43,0.31,14.3,33.8,20.2
2022,Jackson State,590.92,,,,
2022,Jacksonville,17.49,,,,
2022,Jacksonville State,229.74,,,,
2022,James Madison,104.24,,,,
2022,Kansas,574.29,0.727,-19.7,22.3,40.6
2022,Kansas State,584.68,0.541,14.2,33.5,19.0
2022,Kennesaw State,22.69,,,,
2022,Kent State,386.94,0.458,-6.4,32.3,36.9
2022,Kentucky,737.33,0.621,13.4,35.1,22.3
2022,LSU,872.61,0.484,4.1,28.0,25.6
2022,Lafayette,22.41,,,,
2022,Lamar,23.88,,,,
2022,Lehigh,11.72,,,,
2022,Liberty,161.88,0.36,8.4,32.1,23.1
2022,Louisiana,458.15,0.363,8.7,30.3,21.2
2022,Louisiana Tech,473.76,0.322,-11.6,23.6,34.4
2022,Louisville,625.42,0.641,7.8,34.9,26.6
2022,Maine,54.69,,,,
2022,Marshall,455.3,0.506,8.0,32.8,23.5
2022,Maryland,680.22,0.711,6.2,34.8,27.4
2022,Massachusetts,292.14,0.781,-29.3,16.1,43.9
2022,McNeese,155.54,,,,
2022,Memphis,533.26,0.753,1.0,29.6,27.9
2022,Mercer,38.11,,,,
2022,Miami,854.72,0.678,10.8,34.8,25.0
2022,Miami (OH),397.26,0.655,1.5,29.3,26.8
2022,Michigan,847.24,0.78,23.4,36.5,15.8
2022,Michigan State,693.91,0.711,11.2,34.3,21.7
2022,Middle Tennessee,425.43,0.714,-4.0,24.0,27.1
2022,Minnesota,649.43,0.866,14.4,29.3,15.4
2022,Mississippi State,725.55,0.415,10.5,34.6,22.0
2022,Mississippi Valley State,48.86,,,,
2022,Missouri,715.36,0.34,3.1,31.1,29.9
2022,Missouri State,251.03,,,,
2022,Monmouth,28.53,,,,
2022,Montana,110.64,,,,
2022,Montana State,98.27,,,,
2022,Morehead State,4.96,,,,
2022,Morgan State,28.0,,,,
2022,Murray State,56.27,,,,
2022,NC State,686.19,0.695,16.1,33.1,17.7
2022,Navy,0.0,0.235,-8.5,20.0,27.7
2022,Nebraska,752.12,0.496,10.3,34.1,21.3
2022,Nevada,416.44,0.074,3.6,30.3,26.9
2022,New Hampshire,24.6,,,,
2022,New Mexico,312.79,0.312,-18.6,11.6,29.8
2022,New Mexico State,189.37,0.258,-24.2,20.6,43.7
2022,Nicholls,100.39,,,,
2022,Norfolk State,61.79,,,,
2022,North Alabama,107.8,,,,
2022,North Carolina,812.94,0.447,6.4,37.8,31.7
2022,North Carolina A&T,142.63,,,,
2022,North Carolina Central,51.95,,,,
2022,North Dakota State,25.18,,,,
2022,North Texas,504.97,0.779,-6.5,23.1,28.5
2022,Northern Arizona,47.14,,,,
2022,Northern Colorado,227.83,,,,
2022,Northern Illinois,409.86,0.813,-7.1,29.4,36.1
2022,Northern Iowa,185.49,,,,
2022,Northwestern,653.48,0.573,-11.1,19.4,27.3
2022,Northwestern State,134.66,,,,
2022,Notre Dame,866.48,0.418,17.4,36.2,18.9
2022,Ohio,365.74,0.416,-11.6,25.1,35.2
2022,Ohio State,983.14,0.747,29.3,47.2,20.6
2022,Oklahoma,870.34,0.277,16.8,41.1,25.6
2022,Oklahoma State,670.53,0.903,17.2,30.6,14.3
2022,Old Dominion,438.06,0.787,-7.4,21.2,28.0
2022,Ole Miss,757.39,0.032,14.8,36.8,22.4
2022,Oregon,877.93,0.169,10.2,35.0,26.0
2022,Oregon State,635.88,0.698,8.9,36.9,28.5
2022,Penn State,830.44,0.761,14.3,28.0,14.6
2022,Pittsburgh,654.56,0.288,17.6,38.2,21.4
2022,Portland State,110.5,,,,
2022,Prairie View A&M,56.88,,,,
2022,Princeton,16.08,,,,
2022,Purdue,646.08,0.601,10.3,32.6,21.1
2022,Rhode Island,158.52,,,,
2022,Rice,441.93,0.355,-22.9,18.2,38.3
2022,Richmond,55.5,,,,
2022,Robert Morris,21.85,,,,
2022,Rutgers,631.47,0.646,-3.0,20.8,23.7
2022,SE Louisiana,166.75,,,,
2022,SMU,598.49,0.69,8.9,36.7,27.1
2022,Sacramento State,96.08,,,,
2022,Saint Francis,16.89,,,,
2022,Sam Houston,200.06,,,,
2022,Samford,100.34,,,,
2022,San Diego,43.29,,,,
2022,San Diego State,372.29,0.335,8.3,23.7,17.1
2022,San José State,417.95,0.549,-1.9,22.6,25.2
2022,South Alabama,466.34,0.324,-7.2,21.4,28.0
2022,South Carolina,762.63,0.652,3.9,26.0,24.2
2022,South Carolina State,35.03,,,,
2022,South Dakota,51.92,,,,
2022,South Dakota State,5.97,,,,
2022,South Florida,574.32,0.497,-12.1,23.5,36.2
2022,Southeast Missouri State,26.12,,,,
2022,Southern,178.64,,,,
2022,Southern Illinois,183.5,,,,
2022,Southern Miss,478.97,0.778,-14.2,15.0,28.6
2022,Southern Utah,52.58,,,,
2022,Stanford,757.81,0.851,-10.2,22.2,33.6
2022,Stephen F. Austin,130.97,,,,
2022,Stony Brook,69.58,,,,
2022,Syracuse,590.36,0.677,0.3,27.1,25.2
2022,TCU,712.05,0.847,-0.6,33.2,33.9
2022,Temple,505.48,0.71,-19.1,17.5,34.1
2022,Tennessee,764.8,0.763,17.5,39.4,23.8
2022,Tennessee State,194.56,,,,
2022,Tennessee Tech,43.6,,,,
2022,Texas,887.45,0.565,8.5,34.6,28.4
2022,Texas A&M,947.3,0.481,21.1,33.6,14.9
2022,Texas Southern,54.59,,,,
2022,Texas State,464.66,0.543,-16.0,20.7,36.9
2022,Texas Tech,660.31,0.565,9.8,34.6,27.1
2022,The Citadel,21.07,,,,
2022,Toledo,498.98,0.533,6.9,29.0,20.7
2022,Towson,178.36,,,,
2022,Troy,464.3,0.675,-6.5,20.1,26.7
2022,Tulane,521.86,0.863,-3.9,27.9,30.4
2022,Tulsa,485.87,0.587,5.8,28.7,24.0
2022,UAB,443.8,0.809,9.1,32.1,21.7
2022,UAlbany,92.55,,,,
2022,UC Davis,103.7,,,,
2022,UCF,636.16,0.637,4.8,29.6,23.4
2022,UCLA,733.3,0.615,9.4,37.7,27.8
2022,UConn,239.17,0.606,-25.6,12.7,36.8
2022,UL Monroe,348.53,0.822,-20.3,15.6,35.1
2022,UNLV,368.29,0.515,-13.8,19.9,33.0
2022,USC,860.12,0.218,-0.6,32.3,33.4
2022,UT Martin,128.97,,,,
2022,UTEP,289.39,0.622,-4.2,23.9,28.3
2022,UTSA,515.76,0.84,6.5,33.0,27.8
2022,Utah,705.12,0.848,15.2,37.2,20.7
2022,Utah State,371.37,0.526,0.1,28.4,27.9
2022,Valparaiso,11.85,,,,
2022,Vanderbilt,629.76,0.641,-19.4,17.4,35.6
2022,Villanova,15.94,,,,
2022,Virginia,625.94,0.803,7.2,39.3,31.5
2022,Virginia Tech,640.85,0.234,2.4,26.7,25.2
2022,Wagner,39.77,,,,
2022,Wake Forest,575.42,0.792,10.1,38.0,29.2
2022,Washington,761.72,0.83,-0.7,22.8,23.6
2022,Washington State,570.94,0.079,6.7,32.0,26.0
2022,Weber State,53.15,,,,
2022,West Virginia,662.57,0.186,1.8,27.7,25.0
2022,Western Carolina,35.6,,,,
2022,Western Illinois,91.95,,,,
2022,Western Kentucky,495.64,0.307,13.3,40.5,28.8
2022,Western Michigan,449.89,0.315,0.6,33.1,29.0
2022,William & Mary,10.64,,,,
2022,Wisconsin,744.44,0.673,20.1,29.8,10.8
2022,Wofford,17.85,,,,
2022,Wyoming,292.03,0.225,0.6,26.0,23.5
2022,Yale,24.05,,,,
2022,Youngstown State,94.39,,,,
2023,Abilene Christian,306.57,,,,
2023,Air Force,0.0,0.358,3.9,16.3,12.3
2023,Akron,445.02,0.727,-23.4,16.7,38.5
2023,Alabama,1015.43,0.423,30.3,42.9,14.2
2023,Alabama A&M,137.64,,,,
2023,Alabama State,197.43,,,,
2023,Alcorn State,96.02,,,,
2023,App State,517.56,0.474,1.7,32.9,29.8
2023,Arizona,687.01,0.846,-3.2,37.6,41.1
2023,Arizona State,681.32,0.612,-4.1,30.5,35.7
2023,Arkansas,730.93,0.581,12.0,38.3,26.3
2023,Arkansas State,487.4,0.179,-13.0,23.7,38.5
2023,Arkansas-Pine Bluff,32.77,,,,
2023,Army,0.0,0.5,-1.5,24.6,25.3
2023,Auburn,770.94,0.787,5.1,32.6,27.9
2023,Austin Peay,120.36,,,,
2023,BYU,576.25,0.294,-1.4,34.3,34.8
2023,Ball State,403.54,0.262,-14.9,16.0,30.1
2023,Baylor,678.0,0.645,11.7,37.6,26.1
2023,Bethune-Cookman,89.46,,,,
2023,Boise State,579.88,0.921,5.7,24.1,18.5
2023,Boston College,650.23,0.388,-14.9,20.4,33.8
2023,Bowling Green,397.62,0.299,-18.1,23.8,40.6
2023,Bryant,45.14,,,,
2023,Bucknell,25.64,,,,
2023,Buffalo,296.09,0.575,-9.2,25.0,35.0
2023,Butler,20.61,,,,
2023,Cal Poly,94.82,,,,
2023,California,681.14,0.443,-3.0,23.2,25.9
2023,Campbell,73.06,,,,
2023,Central Arkansas,84.99,,,,
2023,Central Connecticut,44.75,,,,
2023,Central Michigan,332.64,0.358,-14.0,19.0,32.2
2023,Charleston Southern,16.1,,,,
2023,Charlotte,554.96,0.144,-16.4,24.0,39.2
2023,Chattanooga,201.79,,,,
2023,Cincinnati,663.68,0.067,13.1,27.6,16.1
2023,Clemson,917.88,0.551,17.6,34.9,18.5
2023,Coastal Carolina,515.69,0.915,0.6,32.7,30.6
2023,Colorado,711.87,0.077,-20.4,24.0,45.0
2023,Colorado State,413.96,0.92,-22.2,7.8,29.0
2023,Delaware,99.19,,,,
2023,Delaware State,28.74,,,,
2023,Drake,10.98,,,,
2023,Duke,620.9,0.989,5.0,29.4,24.7
2023,Duquesne,111.13,,,,
2023,East Carolina,563.94,0.088,1.1,31.5,28.7
2023,East Tennessee State,119.73,,,,
2023,Eastern Illinois,85.97,,,,
2023,Eastern Kentucky,214.42,,,,
2023,Eastern Michigan,377.07,0.503,-7.1,24.0,32.4
2023,Eastern Washington,81.05,,,,
2023,Elon,62.31,,,,
2023,Florida,845.29,0.367,10.4,39.6,29.5
2023,Florida A&M,322.74,,,,
2023,Florida Atlantic,582.59,0.446,-7.1,24.4,30.4
2023,Florida International,487.5,0.68,-25.5,18.4,42.3
2023,Florida State,765.33,0.785,13.2,34.8,20.4
2023,Fordham,42.87,,,,
2023,Fresno State,555.3,0.171,3.3,27.1,24.4
2023,Furman,56.18,,,,
2023,Gardner-Webb,80.81,,,,
2023,Georgia,977.87,0.43,35.3,37.2,3.7
2023,Georgia Southern,416.69,0.454,-6.4,34.3,40.3
2023,Georgia State,499.67,0.688,-3.3,33.7,38.3
2023,Georgia Tech,710.85,0.366,-11.8,18.8,29.5
2023,Grambling,153.13,,,,
2023,Hampton,91.03,,,,
2023,Hawai'i,407.77,0.627,-24.7,15.8,39.4
2023,Holy Cross,11.16,,,,
2023,Houston,670.25,0.234,4.5,42.5,37.7
2023,Houston Christian,78.5,,,,
2023,Howard,31.25,,,,
2023,Idaho,47.44,,,,
2023,Idaho State,14.47,,,,
2023,Illinois,630.95,0.321,15.9,20.6,5.5
2023,Illinois State,114.98,,,,
2023,Indiana,677.57,0.358,-7.1,29.9,36.6
2023,Indiana State,80.56,,,,
2023,Iowa,692.62,0.409,12.7,16.0,5.1
2023,Iowa State,638.87,0.638,5.3,17.7,10.6
2023,Jackson State,351.51,,,,
2023,Jacksonville,17.99,,,,
2023,Jacksonville State,227.27,,,,
2023,James Madison,196.53,0.109,6.5,31.3,23.6
2023,Kansas,632.68,1.003,2.9,40.6,36.0
2023,Kansas State,616.0,0.49,21.4,36.4,15.7
2023,Kennesaw State,58.84,,,,
2023,Kent State,373.33,0.074,-13.1,25.6,37.9
2023,Kentucky,740.54,0.481,13.0,23.2,9.9
2023,LSU,899.31,0.845,16.2,34.2,17.6
2023,Lafayette,22.41,,,,
2023,Lamar,108.97,,,,
2023,Lehigh,18.7,,,,
2023,Liberty,330.29,0.448,-1.5,24.1,25.4
2023,Louisiana,475.45,0.647,2.0,21.7,20.3
2023,Louisiana Tech,433.72,0.392,-17.8,29.6,47.0
2023,Louisville,744.16,0.231,9.0,27.0,19.1
2023,Maine,54.85,,,,
2023,Marshall,478.59,0.468,3.0,15.7,11.4
2023,Maryland,685.75,0.784,11.2,33.8,24.2
2023,Massachusetts,565.65,0.531,-30.3,7.5,36.4
2023,McNeese,53.0,,,,
2023,Memphis,626.86,0.523,6.8,37.0,31.8
2023,Mercer,73.53,,,,
2023,Miami,860.27,0.72,-2.7,24.4,28.9
2023,Miami (OH),408.16,0.675,-12.7,8.6,22.1
2023,Michigan,850.43,0.777,32.0,38.0,7.6
2023,Michigan State,747.34,0.21,1.2,31.9,29.7
2023,Middle Tennessee,487.98,0.337,-6.9,25.6,33.3
2023,Minnesota,640.46,0.409,16.0,23.5,8.6
2023,Mississippi State,746.29,0.584,15.4,35.1,19.9
2023,Missouri,755.4,0.651,8.1,26.0,18.3
2023,Missouri State,233.11,,,,
2023,Monmouth,52.49,,,,
2023,Montana,149.93,,,,
2023,Montana State,119.55,,,,
2023,Morehead State,13.5,,,,
2023,Morgan State,105.49,,,,
2023,Murray State,80.0,,,,
2023,NC State,700.85,0.385,6.8,20.4,15.3
2023,Navy,0.0,0.611,-7.2,18.2,24.4
2023,Nebraska,765.2,0.14,-1.2,25.5,25.6
2023,Nevada,470.32,0.225,-22.4,15.9,37.8
2023,New Hampshire,16.21,,,,
2023,New Mexico,375.35,0.305,-26.9,6.0,31.9
2023,New Mexico State,378.99,0.843,-15.4,12.0,26.0
2023,Nicholls,57.04,,,,
2023,Norfolk State,72.32,,,,
2023,North Alabama,163.24,,,,
2023,North Carolina,805.63,0.776,7.8,41.7,35.0
2023,North Carolina A&T,88.34,,,,
2023,North Carolina Central,25.46,,,,
2023,North Dakota,14.37,,,,
2023,North Dakota State,63.21,,,,
2023,North Texas,474.38,0.416,-1.5,31.3,34.1
2023,Northern Arizona,148.76,,,,
2023,Northern Colorado,145.36,,,,
2023,Northern Illinois,352.36,0.622,-18.8,25.3,43.1
2023,Northern Iowa,184.63,,,,
2023,Northwestern,657.88,0.657,-13.4,17.0,28.6
2023,Northwestern State,157.75,,,,
2023,Notre Dame,870.7,0.345,10.3,30.5,21.4
2023,Ohio,342.6,0.921,-4.6,31.6,35.2
2023,Ohio State,974.79,0.644,31.1,45.1,15.7
2023,Oklahoma,884.97,0.527,15.4,40.8,26.5
2023,Oklahoma State,649.79,0.3,11.3,37.6,27.9
2023,Old Dominion,343.17,0.211,-13.0,16.9,29.3
2023,Ole Miss,756.04,0.618,16.2,38.8,23.7
2023,Oregon,874.74,0.807,18.9,44.9,26.5
2023,Oregon State,653.16,0.527,14.3,33.3,17.7
2023,Penn State,858.06,0.428,22.4,36.6,13.9
2023,Pennsylvania,12.03,,,,
2023,Pittsburgh,700.42,0.319,8.6,32.8,24.7
2023,Portland State,73.81,,,,
2023,Prairie View A&M,135.18,,,,
2023,Presbyterian,8.66,,,,
2023,Princeton,16.08,,,,
2023,Purdue,671.1,0.344,7.7,31.6,22.4
2023,Rhode Island,191.72,,,,
2023,Rice,466.78,0.425,-15.2,23.1,36.9
2023,Richmond,26.51,,,,
2023,Robert Morris,46.99,,,,
2023,Rutgers,636.35,0.439,-9.1,16.4,25.2
2023,SE Louisiana,107.19,,,,
2023,SMU,714.21,0.417,4.7,42.0,38.1
2023,Sacramento State,83.86,,,,
2023,Sacred Heart,17.99,,,,
2023,Saint Francis,16.89,,,,
2023,Sam Houston,240.42,,,,
2023,Samford,97.62,,,,
2023,San Diego,26.78,,,,
2023,San Diego State,440.15,0.78,-4.4,15.1,21.1
2023,San José State,513.83,0.685,-4.3,19.1,21.6
2023,South Alabama,545.68,0.856,10.8,26.8,17.4
2023,South Carolina,763.02,0.636,12.7,36.0,25.2
2023,South Carolina State,33.04,,,,
2023,South Dakota,96.61,,,,
2023,South Dakota State,23.58,,,,
2023,South Florida,622.89,0.463,-17.0,34.1,50.3
2023,Southeast Missouri State,30.08,,,,
2023,Southern,162.55,,,,
2023,Southern Illinois,115.37,,,,
2023,Southern Miss,425.21,0.634,-3.5,18.3,22.9
2023,Southern Utah,109.83,,,,
2023,Stanford,710.28,0.392,-7.2,25.6,34.2
2023,Stephen F. Austin,172.29,,,,
2023,Stony Brook,185.5,,,,
2023,Syracuse,610.75,0.767,2.5,27.4,24.7
2023,TCU,768.25,0.144,24.3,43.3,20.2
2023,Temple,554.47,0.756,-12.9,16.3,28.6
2023,Tennessee,821.07,0.422,25.2,47.3,22.6
2023,Tennessee State,142.51,,,,
2023,Tennessee Tech,34.79,,,,
2023,Texas,913.24,0.61,23.1,38.1,15.6
2023,Texas A&M,925.92,0.648,9.1,25.4,16.6
2023,Texas Southern,17.36,,,,
2023,Texas State,484.79,0.469,-11.5,17.4,29.5
2023,Texas Tech,694.26,0.764,8.5,38.5,30.5
2023,The Citadel,26.4,,,,
2023,Toledo,497.64,0.789,-3.7,25.7,27.9
2023,Towson,66.95,,,,
2023,Troy,454.06,0.561,8.1,17.7,11.2
2023,Tulane,537.7,0.59,12.4,32.0,19.7
2023,Tulsa,520.23,0.262,-6.1,32.7,38.5
2023,UAB,473.46,0.395,-0.5,25.7,25.3
2023,UAlbany,62.15,,,,
2023,UC Davis,77.46,,,,
2023,UCF,653.97,0.68,10.3,31.1,20.3
2023,UCLA,752.6,0.281,15.0,45.7,30.1
2023,UConn,484.94,0.629,-14.6,14.2,27.9
2023,UL Monroe,336.22,0.311,-15.7,23.2,39.0
2023,UNLV,354.46,0.624,-11.9,20.8,34.1
2023,USC,896.41,0.742,18.9,46.6,26.3
2023,UT Martin,221.77,,,,
2023,UTEP,379.64,0.538,-10.7,20.8,32.7
2023,UTSA,574.52,0.849,7.2,39.3,32.6
2023,Utah,722.55,0.72,19.2,37.3,17.3
2023,Utah State,435.99,0.467,-13.3,25.4,38.5
2023,Vanderbilt,639.88,0.519,-4.7,29.9,33.4
2023,Villanova,4.33,,,,
2023,Virginia,622.7,0.211,-9.0,16.2,24.4
2023,Virginia Tech,638.89,0.651,-9.5,13.5,22.8
2023,Wagner,26.18,,,,
2023,Wake Forest,603.68,0.412,8.2,43.3,35.2
2023,Washington,751.12,0.887,15.7,41.2,25.5
2023,Washington State,573.28,0.581,9.5,25.1,16.7
2023,Weber State,59.72,,,,
2023,West Virginia,666.23,0.351,2.4,36.3,34.5
2023,Western Carolina,70.13,,,,
2023,Western Illinois,78.14,,,,
2023,Western Kentucky,491.26,0.644,1.7,31.3,30.1
2023,Western Michigan,401.82,0.57,-17.3,11.2,27.3
2023,Wisconsin,741.63,0.573,8.3,25.7,17.1
2023,Wofford,42.55,,,,
2023,Wyoming,338.5,0.739,-10.8,14.9,26.2
2023,Yale,8.97,,,,
2023,Youngstown State,61.05,,,,
2024,Air Force,0.0,0.338,5.9,25.6,20.9
2024,Akron,537.82,0.27,-21.6,10.5,30.1
2024,Alabama,1018.28,0.602,23.1,36.8,15.6
2024,App State,575.31,0.879,3.8,33.5,30.7
2024,Arizona,672.7,0.616,14.1,37.3,23.1
2024,Arizona State,757.02,0.615,-11.3,20.2,29.9
2024,Arkansas,779.17,0.527,3.5,28.3,26.6
2024,Arkansas State,573.27,0.859,-6.3,25.8,32.8
2024,Army,0.0,0.702,-4.0,18.4,22.5
2024,Auburn,833.61,0.712,7.6,26.4,20.1
2024,BYU,602.46,0.564,-3.3,25.3,30.3
2024,Ball State,464.07,0.557,-14.9,12.6,26.3
2024,Baylor,709.46,0.552,-8.3,24.5,32.6
2024,Boise State,608.26,0.5,5.9,32.7,28.2
2024,Boston College,667.91,0.882,-5.9,22.2,27.6
2024,Bowling Green,484.51,0.66,-7.8,21.5,27.4
2024,Buffalo,435.22,0.141,-15.2,15.3,29.5
2024,California,702.38,0.594,-0.1,30.6,28.7
2024,Central Michigan,467.22,0.518,-19.1,16.8,34.0
2024,Charlotte,648.28,0.623,-21.4,14.8,34.4
2024,Cincinnati,662.34,0.308,-6.8,21.3,28.3
2024,Clemson,924.63,0.774,10.5,29.3,19.0
2024,Coastal Carolina,557.61,0.268,-1.2,27.6,27.2
2024,Colorado,749.16,0.665,-4.9,29.6,34.4
2024,Colorado State,546.04,0.635,-8.9,21.9,32.0
2024,Duke,635.89,0.496,9.4,27.3,19.5
2024,East Carolina,611.66,0.328,-12.8,15.4,28.1
2024,Eastern Michigan,508.73,0.206,-12.3,13.0,26.8
2024,Florida,894.24,0.723,6.8,31.1,26.0
2024,Florida Atlantic,592.16,0.027,-9.4,19.8,27.9
2024,Florida International,504.39,0.599,-21.2,16.0,35.6
2024,Florida State,879.48,0.211,19.4,34.1,16.5
2024,Fresno State,568.31,0.683,2.5,28.9,27.9
2024,Georgia,1006.89,0.604,31.2,41.5,12.2
2024,Georgia Southern,527.99,0.414,-5.2,30.8,36.5
2024,Georgia State,564.88,0.314,-6.8,28.2,33.3
2024,Georgia Tech,703.0,0.849,0.3,29.4,29.1
2024,Hawai'i,513.7,0.896,-16.4,19.4,35.7
2024,Houston,646.7,0.636,-7.8,25.6,32.2
2024,Illinois,653.75,0.447,-2.5,21.6,24.1
2024,Indiana,668.92,0.432,-7.4,19.6,27.2
2024,Iowa,723.51,0.545,5.8,13.8,9.3
2024,Iowa State,642.12,0.901,7.5,26.4,20.1
2024,Jacksonville State,430.94,0.399,-1.6,24.8,25.9
2024,James Madison,459.14,0.037,11.8,34.6,23.7
2024,Kansas,696.92,0.641,9.9,35.6,26.1
2024,Kansas State,651.75,0.387,16.2,38.9,21.8
2024,Kennesaw State,288.14,,,,
2024,Kent State,435.3,0.708,-26.3,8.2,34.8
2024,Kentucky,788.36,0.36,10.5,31.6,22.2
2024,LSU,906.19,0.203,19.1,44.6,25.0
2024,Liberty,569.65,0.738,8.0,36.2,26.3
2024,Louisiana,553.39,0.476,0.4,32.4,33.1
2024,Louisiana Tech,533.72,0.261,-12.9,22.1,36.0
2024,Louisville,739.28,0.153,8.0,30.1,22.3
2024,Marshall,587.22,0.269,-9.0,24.4,31.5
2024,Maryland,695.59,0.37,11.0,28.3,17.6
2024,Massachusetts,585.57,0.339,-17.5,20.8,36.2
2024,Memphis,633.44,0.798,3.5,37.1,33.8
2024,Miami,868.15,0.474,9.6,30.7,23.1
2024,Miami (OH),505.3,0.6,2.8,18.5,17.7
2024,Michigan,859.21,0.26,31.3,36.6,7.2
2024,Michigan State,721.75,0.301,-6.8,15.7,24.0
2024,Middle Tennessee,503.43,0.555,-9.5,21.5,30.0
2024,Minnesota,705.22,0.55,0.4,20.0,21.1
2024,Mississippi State,743.77,0.191,0.5,24.7,24.9
2024,Missouri,807.36,0.875,19.3,36.5,18.0
2024,NC State,722.41,0.34,7.4,25.5,19.7
2024,Navy,0.0,0.575,-13.7,15.0,27.2
2024,Nebraska,790.42,0.625,0.3,15.6,13.9
2024,Nevada,525.22,0.493,-22.0,14.6,37.0
2024,New Mexico,464.59,0.349,-16.5,22.5,37.2
2024,New Mexico State,370.2,0.137,-1.8,23.3,25.8
2024,North Carolina,794.99,0.451,7.4,34.4,27.8
2024,North Texas,595.42,0.195,-6.7,32.9,41.3
2024,Northern Illinois,437.2,0.596,-7.5,18.3,24.2
2024,Northwestern,675.78,0.419,-1.3,18.5,18.5
2024,Notre Dame,905.52,0.373,20.1,36.3,16.7
2024,Ohio,450.55,0.13,-1.6,18.5,18.1
2024,Ohio State,998.62,0.224,25.2,31.5,7.8
2024,Oklahoma,906.61,0.394,15.0,38.5,22.6
2024,Oklahoma State,687.76,0.821,6.7,32.8,27.1
2024,Old Dominion,428.91,0.562,-10.1,23.1,31.3
2024,Ole Miss,801.66,0.816,18.4,36.3,19.2
2024,Oregon,916.71,0.356,26.2,45.0,18.2
2024,Oregon State,626.97,0.07,12.6,33.2,22.3
2024,Penn State,895.31,0.737,23.5,32.7,10.5
2024,Pittsburgh,713.74,0.561,-7.3,19.3,26.0
2024,Purdue,738.93,0.497,-7.3,21.8,27.1
2024,Rice,538.4,0.47,-10.2,26.0,34.4
2024,Rutgers,663.55,0.433,3.5,21.0,18.7
2024,SMU,788.22,0.924,10.1,34.1,23.0
2024,Sam Houston,488.03,0.425,-13.8,16.0,28.8
2024,San Diego State,608.95,0.382,-10.3,19.4,30.2
2024,San José State,480.29,0.24,-3.4,28.1,29.5
2024,South Alabama,554.77,0.374,5.1,30.6,26.0
2024,South Carolina,798.18,0.191,4.3,28.2,25.6
2024,South Florida,641.02,0.859,-6.6,28.4,34.5
2024,Southern Miss,565.51,0.223,-14.4,23.5,36.4
2024,Stanford,719.43,0.848,-11.9,21.4,34.5
2024,Syracuse,698.59,0.315,-4.4,22.2,26.1
2024,TCU,766.5,0.544,7.9,33.5,25.3
2024,Temple,532.46,0.236,-21.0,18.6,37.8
2024,Tennessee,858.67,0.331,16.2,34.9,19.2
2024,Texas,953.95,0.466,23.2,39.3,17.7
2024,Texas A&M,914.52,0.573,15.6,34.5,18.8
2024,Texas State,540.17,0.391,-1.6,31.2,33.8
2024,Texas Tech,732.07,0.565,6.1,29.6,24.7
2024,Toledo,571.92,0.459,3.7,25.5,21.7
2024,Troy,499.56,0.257,9.8,30.7,20.1
2024,Tulane,654.07,0.304,2.8,26.5,24.4
2024,Tulsa,556.71,0.709,-13.7,20.9,34.7
2024,UAB,583.23,0.65,-14.7,26.9,39.6
2024,UCF,746.3,0.4,3.4,30.3,25.2
2024,UCLA,758.87,0.617,9.7,29.6,18.4
2024,UConn,537.91,0.291,-15.6,17.0,31.0
2024,UL Monroe,329.43,0.166,-21.6,17.6,37.5
2024,UNLV,575.16,0.433,1.4,32.1,32.7
2024,USC,863.09,0.223,9.4,43.3,32.8
2024,UTEP,455.97,0.236,-16.2,16.9,32.0
2024,UTSA,644.36,0.327,5.4,31.3,27.3
2024,Utah,745.21,0.319,8.5,26.7,19.4
2024,Utah State,543.56,0.466,-10.9,28.6,38.6
2024,Vanderbilt,695.96,0.163,-12.7,23.6,36.3
2024,Virginia,662.28,0.618,-10.8,21.0,31.7
2024,Virginia Tech,695.42,0.838,5.8,27.5,23.3
2024,Wake Forest,635.45,0.327,-7.9,20.2,26.9
2024,Washington,741.11,0.025,16.4,40.3,24.7
2024,Washington State,610.54,0.282,4.9,31.0,27.4
2024,West Virginia,684.9,0.883,7.5,31.5,24.6
2024,Western Kentucky,518.88,0.381,-2.0,28.7,30.1
2024,Western Michigan,547.19,0.794,-15.9,19.1,33.2
2024,Wisconsin,771.35,0.51,9.4,22.2,14.1
2024,Wyoming,455.45,0.257,-3.6,23.5,26.1
2025,Air Force,,0.63,-11.7,17.8,27.5
2025,Akron,537.21,0.371,-17.9,15.7,34.6
2025,Alabama,993.55,0.433,25.0,37.9,14.6
2025,App State,611.31,0.141,-8.1,27.2,33.6
2025,Arizona,651.62,0.561,-2.8,24.4,29.0
2025,Arizona State,738.52,0.646,9.4,32.4,20.9
2025,Arkansas,772.64,0.361,11.0,31.4,21.7
2025,Arkansas State,591.27,0.586,-9.9,24.6,35.2
2025,Army,23.66,0.252,9.2,31.1,21.7
2025,Auburn,891.84,0.218,9.5,27.9,17.8
2025,BYU,649.36,0.375,15.3,32.0,18.8
2025,Ball State,495.35,0.082,-19.8,21.3,40.8
2025,Baylor,726.3,0.825,8.4,33.5,26.2
2025,Boise State,610.65,0.579,10.1,35.3,24.2
2025,Boston College,650.12,0.62,1.2,28.0,24.7
2025,Bowling Green,527.31,0.079,-1.8,25.6,27.2
2025,Buffalo,513.33,0.659,-4.0,25.4,30.2
2025,California,726.21,0.063,4.0,27.4,22.9
2025,Central Michigan,481.16,0.103,-15.8,17.7,34.3
2025,Charlotte,526.3,0.238,-15.3,21.4,37.6
2025,Cincinnati,644.1,0.497,-0.1,25.6,25.0
2025,Clemson,918.43,0.826,13.3,35.4,20.9
2025,Coastal Carolina,610.88,0.364,-6.9,25.5,33.4
2025,Colorado,755.2,0.075,8.1,33.3,23.5
2025,Colorado State,583.71,0.504,-5.7,24.2,29.2
2025,Delaware,242.85,,,,
2025,Duke,669.18,0.179,5.6,26.7,21.3
2025,East Carolina,611.55,0.506,-1.0,28.5,29.7
2025,Eastern Michigan,572.9,0.249,-13.3,20.5,34.3
2025,Florida,898.58,0.537,13.8,31.7,20.0
2025,Florida Atlantic,605.22,0.208,-12.7,20.8,32.1
2025,Florida International,562.61,0.42,-12.1,20.5,31.3
2025,Florida State,828.45,0.131,-3.2,20.1,25.3
2025,Fresno State,586.84,0.172,-3.8,25.1,27.6
2025,Georgia,1002.98,0.372,24.3,37.3,14.9
2025,Georgia Southern,574.48,0.656,-1.7,26.5,30.1
2025,Georgia State,611.97,0.449,-17.9,21.0,37.4
2025,Georgia Tech,715.56,0.669,1.9,31.1,27.9
2025,Hawai'i,481.2,0.459,-10.9,20.9,30.0
2025,Houston,656.74,0.68,-8.2,18.1,24.5
2025,Illinois,662.13,0.525,9.6,29.0,20.9
2025,Indiana,645.34,0.251,20.1,35.0,16.4
2025,Iowa,710.0,0.488,15.8,27.0,13.3
2025,Iowa State,648.93,0.6,10.3,30.8,20.2
2025,Jacksonville State,519.93,0.12,-1.0,28.8,28.3
2025,James Madison,459.53,0.5,7.5,29.7,22.9
2025,Kansas,705.32,0.41,4.9,32.4,26.5
2025,Kansas State,705.85,0.69,14.1,33.0,20.4
2025,Kennesaw State,338.87,0.458,-25.1,10.2,35.1
2025,Kent State,456.24,0.113,-33.0,12.6,43.8
2025,Kentucky,763.18,0.27,5.5,24.5,20.9
2025,LSU,920.05,0.66,15.9,36.8,21.7
2025,Liberty,599.12,0.301,0.2,28.2,26.6
2025,Louisiana,585.82,0.145,4.8,31.5,27.8
2025,Louisiana Tech,493.5,0.434,-11.6,15.9,26.3
2025,Louisville,700.77,0.349,13.6,37.7,22.9
2025,Marshall,590.64,0.069,3.1,29.6,26.9
2025,Maryland,699.31,0.128,-3.9,23.3,27.1
2025,Massachusetts,488.73,0.234,-21.9,20.5,40.3
2025,Memphis,668.63,0.119,9.6,36.7,28.2
2025,Miami,874.57,0.125,21.6,44.2,24.3
2025,Miami (OH),592.1,0.079,1.3,23.2,23.2
2025,Michigan,907.22,0.41,10.6,24.1,15.1
2025,Michigan State,717.42,0.662,-4.6,18.0,24.1
2025,Middle Tennessee,520.55,0.505,-24.4,13.7,37.3
2025,Minnesota,711.04,0.276,10.4,25.6,15.4
2025,Mississippi State,770.48,0.416,-4.1,25.5,31.2
2025,Missouri,804.77,0.201,14.0,33.7,18.7
2025,Missouri State,426.1,,,,
2025,NC State,707.51,0.726,3.9,29.9,26.5
2025,Navy,,0.973,3.5,29.5,24.4
2025,Nebraska,821.39,0.472,5.5,23.1,15.8
2025,Nevada,488.69,0.218,-15.2,21.0,34.2
2025,New Mexico,378.8,0.028,-14.8,27.6,40.5
2025,New Mexico State,402.9,0.555,-19.0,17.8,38.1
2025,North Carolina,753.2,0.159,5.0,31.5,26.3
2025,North Texas,569.15,0.237,-4.5,33.3,37.0
2025,Northern Illinois,471.01,0.18,-3.5,20.0,21.6
2025,Northwestern,677.97,0.202,-8.2,17.5,24.3
2025,Notre Dame,912.11,0.367,23.9,38.6,14.1
2025,Ohio,469.99,0.648,2.3,27.2,23.9
2025,Ohio State,973.69,0.308,31.2,39.5,9.2
2025,Oklahoma,882.59,0.528,9.5,25.9,17.8
2025,Oklahoma State,702.74,0.132,-2.6,29.4,31.7
2025,Old Dominion,477.45,0.412,-6.0,25.7,31.3
2025,Ole Miss,813.11,0.175,27.9,37.7,11.9
2025,Oregon,941.22,0.187,26.0,40.8,16.3
2025,Oregon State,667.99,0.522,-6.7,26.1,32.7
2025,Penn State,910.42,0.564,24.6,37.5,13.1
2025,Pittsburgh,681.21,0.592,4.9,29.3,26.3
2025,Purdue,687.74,0.199,-16.2,19.2,33.6
2025,Rice,530.06,0.107,-11.4,20.5,30.4
2025,Rutgers,689.22,0.672,6.4,28.5,22.8
2025,SMU,766.67,0.501,17.5,38.2,21.1
2025,Sam Houston,477.35,0.519,-6.9,19.0,23.8
2025,San Diego State,594.27,0.109,-15.4,17.7,32.1
2025,San José State,522.91,0.33,-5.5,26.1,30.1
2025,South Alabama,544.87,0.254,2.8,29.9,26.9
2025,South Carolina,833.26,0.625,16.9,32.1,16.0
2025,South Florida,666.89,0.296,-2.3,29.5,33.4
2025,Southern Miss,602.53,0.167,-25.6,14.4,39.4
2025,Stanford,707.27,0.189,-8.2,24.4,34.1
2025,Syracuse,727.83,0.131,5.5,35.8,28.9
2025,TCU,745.01,0.574,10.8,34.6,22.8
2025,Temple,507.91,0.409,-20.3,17.3,37.8
2025,Tennessee,866.57,0.221,22.0,33.7,13.5
2025,Texas,973.54,0.283,24.1,36.6,10.8
2025,Texas A&M,917.29,0.532,17.0,34.0,18.6
2025,Texas State,612.16,0.22,5.4,34.2,28.4
2025,Texas Tech,757.49,0.589,4.3,33.5,30.8
2025,Toledo,620.13,0.685,-2.5,24.5,26.3
2025,Troy,561.87,0.239,-6.6,24.1,30.1
2025,Tulane,650.87,0.146,5.7,32.9,27.1
2025,Tulsa,594.78,0.235,-20.6,21.2,40.3
2025,UAB,540.93,0.332,-11.3,25.9,38.0
2025,UCF,709.99,0.101,2.8,29.0,25.8
2025,UCLA,766.62,0.219,-1.3,21.3,23.3
2025,UConn,568.12,0.68,1.5,26.9,25.7
2025,UL Monroe,473.34,0.594,-16.7,16.9,32.5
2025,UNLV,700.54,0.152,9.3,32.6,24.6
2025,USC,847.53,0.368,11.9,35.6,24.0
2025,UTEP,551.88,0.715,-22.7,13.7,34.2
2025,UTSA,662.09,0.842,2.2,32.3,31.5
2025,Utah,707.86,0.14,7.7,23.6,17.2
2025,Utah State,503.59,0.246,-10.4,30.2,40.3
2025,Vanderbilt,685.42,0.859,4.9,28.2,25.4
2025,Virginia,666.74,0.28,-5.1,23.7,29.3
2025,Virginia Tech,712.19,0.403,10.0,31.3,22.4
2025,Wake Forest,627.16,0.262,-5.7,25.8,31.8
2025,Washington,720.56,0.424,3.1,27.3,22.4
2025,Washington State,569.46,0.182,1.3,34.0,31.1
2025,West Virginia,662.33,0.176,2.1,30.1,29.7
2025,Western Kentucky,561.36,0.13,-2.2,22.1,26.1
2025,Western Michigan,534.35,0.319,-10.2,24.7,36.0
2025,Wisconsin,763.17,0.402,3.0,23.0,19.8
2025,Wyoming,489.33,0.749,-13.6,16.3,30.8
2026,Air Force,272.35,0.574,-3.2,28.3,31.7
2026,Akron,546.84,0.918,-13.9,17.2,29.3
2026,Alabama,973.53,0.264,14.8,32.2,16.1
2026,App State,621.61,0.379,-11.4,23.0,35.2
2026,Arizona,699.59,0.649,12.0,33.0,19.5
2026,Arizona State,722.0,0.155,3.9,28.3,22.7
2026,Arkansas,745.48,0.145,5.1,35.8,31.4
2026,Arkansas State,606.22,0.3,-8.8,24.4,33.5
2026,Army,303.83,0.802,0.8,24.7,24.1
2026,Auburn,828.19,0.144,11.6,28.3,17.4
2026,BYU,689.42,0.785,15.9,33.9,18.8
2026,Ball State,563.88,0.057,-23.0,13.4,34.4
2026,Baylor,723.28,0.602,1.4,32.8,33.3
2026,Boise State,641.17,0.663,3.1,29.1,25.1
2026,Boston College,660.0,0.156,-8.5,23.3,33.1
2026,Bowling Green,568.33,-0.062,-12.6,15.4,28.8
2026,Buffalo,549.31,-0.008,-7.5,18.2,27.4
2026,California,751.92,0.583,-3.2,25.6,27.9
2026,Central Michigan,540.01,0.54,-8.8,17.6,25.7
2026,Charlotte,576.77,0.409,-26.7,14.5,39.8
2026,Cincinnati,634.28,0.083,4.5,30.2,26.4
2026,Clemson,862.85,0.414,9.5,27.5,18.9
2026,Coastal Carolina,573.96,0.154,-15.1,23.4,37.0
2026,Colorado,731.62,0.137,-8.3,22.6,29.5
2026,Colorado State,640.31,0.396,-15.6,17.6,32.9
2026,Delaware,483.48,0.849,-10.9,26.2,36.2
2026,Duke,668.47,0.171,6.6,34.8,29.2
2026,East Carolina,623.79,0.136,8.0,32.6,24.0
2026,Eastern Michigan,580.64,0.721,-14.7,19.4,34.1
2026,Florida,891.07,0.691,3.5,24.5,22.6
2026,Florida Atlantic,593.36,0.684,-8.7,27.8,38.1
2026,Florida International,607.56,0.316,-10.5,26.1,35.8
2026,Florida State,800.2,0.401,7.2,29.3,21.2
2026,Fresno State,609.75,0.383,1.8,23.0,21.1
2026,Georgia,1003.67,0.687,24.1,37.0,14.8
2026,Georgia Southern,634.19,0.058,-9.4,28.3,37.7
2026,Georgia State,573.83,0.465,-24.5,18.6,41.1
2026,Georgia Tech,751.65,0.126,9.3,32.5,24.9
2026,Hawai'i,556.82,0.645,1.7,27.3,27.3
2026,Houston,695.93,0.812,7.4,31.5,23.0
2026,Illinois,704.01,0.211,12.9,33.3,21.7
2026,Indiana,735.26,0.166,32.4,40.8,9.9
2026,Iowa,722.73,0.342,19.7,32.1,14.2
2026,Iowa State,669.55,0.017,9.9,28.1,19.5
2026,Jacksonville State,602.83,0.495,-6.7,27.2,32.4
2026,James Madison,588.31,0.08,12.3,34.9,21.4
2026,Kansas,684.51,0.181,4.1,30.9,28.5
2026,Kansas State,718.67,0.714,7.0,31.3,25.0
2026,Kennesaw State,502.86,0.061,-5.4,26.4,30.2
2026,Kent State,522.83,0.641,-19.3,17.0,34.9
2026,Kentucky,786.65,0.193,1.8,25.5,23.7
2026,LSU,931.76,0.212,10.3,25.8,16.1
2026,Liberty,633.35,0.383,-9.0,24.6,32.8
2026,Louisiana,590.94,0.919,-10.1,25.3,34.0
2026,Louisiana Tech,543.02,0.639,-1.3,25.6,27.0
2026,Louisville,739.97,0.348,12.4,31.6,19.8
2026,Marshall,594.71,0.988,-4.5,29.6,34.8
2026,Maryland,719.64,0.54,0.6,24.4,24.7
2026,Massachusetts,525.94,-0.567,-36.6,7.8,42.8
2026,Memphis,670.31,0.056,7.6,34.3,28.3
2026,Miami,885.94,0.369,20.7,34.2,14.3
2026,Miami (OH),621.37,0.139,-3.4,19.3,24.2
2026,Michigan,890.02,0.692,12.4,30.9,17.0
2026,Michigan State,685.02,0.209,-3.4,26.6,28.7
2026,Middle Tennessee,571.5,0.325,-16.0,20.4,37.0
2026,Minnesota,728.79,0.649,1.5,23.8,20.8
2026,Mississippi State,804.53,0.339,4.1,31.6,29.0
2026,Missouri,808.36,0.42,14.4,31.2,15.4
2026,Missouri State,549.92,0.313,-10.7,25.6,34.8
2026,NC State,757.14,0.599,4.8,31.4,25.5
2026,Navy,195.68,0.138,6.2,33.6,27.9
2026,Nebraska,787.45,0.463,6.2,28.8,22.7
2026,Nevada,549.99,0.355,-13.4,14.2,28.7
2026,New Mexico,568.19,0.582,0.9,25.4,26.1
2026,New Mexico State,460.38,0.244,-15.5,19.7,34.9
2026,North Carolina,767.89,0.278,-6.6,17.2,25.0
2026,North Dakota State,515.59,,,,
2026,North Texas,602.08,0.025,13.8,43.1,28.6
2026,Northern Illinois,536.58,0.437,-16.7,12.0,28.1
2026,Northwestern,688.32,0.885,5.8,24.4,20.0
2026,Notre Dame,953.03,0.512,24.4,40.0,16.3
2026,Ohio,522.84,0.625,-4.0,23.2,25.2
2026,Ohio State,964.27,0.683,30.1,37.6,7.7
2026,Oklahoma,851.14,0.632,18.3,30.1,12.9
2026,Oklahoma State,672.69,0.0,-15.1,15.2,31.6
2026,Old Dominion,544.25,0.092,5.9,31.6,23.7
2026,Ole Miss,885.72,0.503,24.0,40.4,18.3
2026,Oregon,984.33,0.753,25.9,38.7,13.5
2026,Oregon State,635.79,0.579,-15.9,17.0,30.8
2026,Penn State,774.04,0.076,18.1,35.1,18.8
2026,Pittsburgh,675.02,0.397,8.4,31.6,23.5
2026,Purdue,698.33,0.475,-6.1,21.9,29.9
2026,Rice,589.89,0.394,-14.8,17.7,33.9
2026,Rutgers,709.04,0.444,1.0,31.6,30.7
2026,SMU,764.5,0.569,13.4,34.2,19.5
2026,Sacramento State,561.42,,,,
2026,Sam Houston,554.47,0.577,-27.8,15.3,41.8
2026,San Diego State,609.22,0.987,6.7,24.4,19.6
2026,San José State,569.25,0.038,-14.3,21.6,34.4
2026,South Alabama,573.38,0.786,-12.7,25.4,36.0
2026,South Carolina,862.87,0.69,5.9,24.6,20.2
2026,South Florida,703.81,0.126,11.6,37.7,25.3
2026,Southern Miss,602.63,0.902,-7.1,27.0,32.8
2026,Stanford,705.81,0.213,-11.8,18.4,28.6
2026,Syracuse,745.61,0.35,-13.1,18.8,33.0
2026,TCU,730.79,0.224,8.3,32.9,23.9
2026,Temple,631.07,0.37,-5.1,27.1,33.2
2026,Tennessee,885.9,0.353,15.0,39.3,25.4
2026,Texas,985.17,0.721,16.2,32.9,17.9
2026,Texas A&M,933.0,0.728,20.7,38.0,16.4
2026,Texas State,624.81,0.76,2.3,36.6,34.6
2026,Texas Tech,767.89,0.534,27.6,39.3,12.3
2026,Toledo,556.26,0.663,6.0,25.8,18.5
2026,Troy,596.19,0.353,-4.8,23.6,29.0
2026,Tulane,665.11,0.21,6.3,32.4,27.6
2026,Tulsa,622.84,0.413,-10.0,21.7,33.1
2026,UAB,606.18,0.796,-15.8,25.5,39.8
2026,UCF,672.14,0.248,-1.2,23.2,24.0
2026,UCLA,774.45,0.57,-8.7,21.7,30.4
2026,UConn,652.56,0.023,5.1,32.0,28.5
2026,UL Monroe,505.49,0.387,-21.6,16.1,35.7
2026,UNLV,696.03,0.154,4.3,33.8,29.8
2026,USC,899.0,0.592,16.9,38.9,21.0
2026,UTEP,585.76,-0.011,-17.5,20.2,36.3
2026,UTSA,655.82,0.669,3.7,33.3,30.0
2026,Utah,695.72,0.679,22.2,39.7,17.5
2026,Utah State,543.98,0.652,-3.1,29.5,31.2
2026,Vanderbilt,727.39,0.354,20.3,39.9,21.4
2026,Virginia,700.18,0.095,11.1,28.8,18.1
2026,Virginia Tech,769.12,0.367,-10.1,21.4,30.8
2026,Wake Forest,680.87,0.142,5.7,26.6,20.9
2026,Washington,777.63,0.544,18.4,34.5,15.3
2026,Washington State,630.29,0.913,3.8,24.6,20.5
2026,West Virginia,707.6,0.14,-6.8,22.8,30.0
2026,Western Kentucky,611.52,0.837,1.6,28.8,28.6
2026,Western Michigan,572.2,0.997,-1.4,21.7,21.8
2026,Wisconsin,767.68,0.31,-4.4,17.4,20.9
2026,Wyoming,528.29,0.23,-11.3,15.3,24.7
